nombre;ventas_globales_millones
Tetris;520
Pokemon;505.15
Call of Duty;500
Grand Theft Auto;465
Super Mario;432.79
Minecraft;350
Minecraft;350
FIFA;325
Assassin's Creed;230
Grand Theft Auto V;225
Final Fantasy;207
Mario Kart;206.2
Lego;203.22
The Sims;200
Resident Evil;189
NBA 2K;170
The Legend of Zelda;160.31
Tomb Raider;153
Need for Speed;150
Wii/Nintendo Sports;133.88
Madden NFL;130
Monster Hunter;125
Pro Evolution Soccer/eFootball;112.5
Sonic the Hedgehog;111.51
Red Dead;110
Borderlands;100
Gran Turismo;100
Battlefield;95.7
Dragon Quest;95
The Elder Scrolls;92.2
Mario Party;86.61
Mortal Kombat;86.2
The Witcher;85
Animal Crossing;84.23
Wii Sports;82.9
Harry Potter/Wizarding World;82.7
Red Dead Redemption 2;82
Halo;81
Dragon Ball;80.49
Civilization;80
Just Dance;80
Super Smash Bros.;78.74
God of War;76.55
Ark;76.26
Ark: Survival Evolved;76
Crash Bandicoot;75
PlayerUnknown's Battlegrounds;75
PUBG;75
Worms;75
Donkey Kong;71.02
Mario Kart 8 Deluxe;70.59
WWE 2K;70
Metal Gear;65.5
Counter-Strike;65
The Oregon Trail;65
ARMA;64.28
Terraria;64
Terraria;64
Far Cry;62.5
Tekken;61
Star Wars: Battlefront;60
The Elder Scrolls V: Skyrim;60
The Witcher 3: Wild Hunt;60
Spider-Man;59
Street Fighter;58.3
Warriors;56.67
Diablo;55
Human: Fall Flat;55
Lego Star Wars;53.2
Fallout;51.43
Marvel's Spider-Man;51
Kirby;50.82
The Walking Dead: Telltale Games Series;50
Bejeweled;50
Destiny;50
Stardew Valley;50
Stardew Valley;50
Total War;49.54
Animal Crossing: New Horizons    Read the review;49.32
ArmA II;47.26
Uncharted;44.33
Mega Man;44
Wii Fit;43.8
BioShock;43
Call of Duty: Black Ops 3;43
Souls;42.79
Farming Simulator;42
Call of Duty: Modern Warfare;41
Gears of War;41
Payday;40.7
World of WarCraft;40.6
Super Mario Bros.;40.24
Counter-Strike: Global Offensive;40
Guitar Hero;40
Hitman;40
Hogwarts Legacy;40
Horizon;40
Payday 2;40
Tom Clancy's Ghost Recon;40
Dark Souls;39.71
Medal of Honor;39
Devil May Cry;38
Naruto: Ultimate Ninja;37.86
The Last of Us;37.45
Super Smash Bros. Ultimate    Read the review;37.44
Mario Kart Wii    Read the review;37.38
PLAYERUNKNOWN'S BATTLEGROUNDS;36.6
Kingdom Hearts;36
Tom Clancy's Rainbow Six;36
The Legend of Zelda: Breath of the Wild;35.34
Brain Age;35.16
Cyberpunk 2077;35
Elden Ring;35
NBA Live;35
Tetris;35
Ratchet & Clank;33.71
Saints Row;33.7
The Legend of Zelda: Breath of the Wild;33.64
Football Manager;33.33
Yakuza/Like a Dragon;33.26
Minecraft    Read the review;33.15
Wii Sports Resort    Read the review;33.14
Half-life;33.1
Yu-Gi-Oh!;32.5
Terraria;32
Pokémon Red / Green / Blue Version;31.38
Tales of;31.21
Tony Hawk's;31.12
Call of Duty: Black Ops II;31
Tom Clancy's Splinter Cell;31
Mario & Sonic at the Olympic Games;30.9
Age of Empires;30.82
New Super Mario Bros.;30.8
Splatoon;30.51
New Super Mario Bros. Wii    Read the review;30.32
Super Mario Odyssey    Read the review;30.27
Borderlands 2;30
Call of Duty: Black Ops;30
Call of Duty: Black Ops Cold War;30
Call of Duty: Modern Warfare 3;30
Call of Duty: Vanguard;30
Command & Conquer;30
Diablo III;30
Dying Light;30
Elden Ring;30
James Bond;30
Spyro;30
Wii Play;29.66
Monster Hunter: World;29.4
Nintendogs;28.65
Persona;28.39
Duck Hunt;28.31
Pokémon Scarlet / Violet    Read the review;28.08
Wii Play    Read the review;28.02
Yoshi;27.66
Grand Theft Auto: San Andreas;27.5
Baldur's Gate;27.47
Pokémon Sword / Shield    Read the review;27.08
Portal;27.03
It Takes Two;27
FIFA 18;26.4
Jikkyo Powerful Pro Yakyu;26.3
Rayman;26
Stardew Valley;26
Luigi's Mansion;25.94
Garry's Mod;25.56
Fallout 4;25
Grand Theft Auto IV;25
Hitman: World of Assassination;25
Phasmophobia;25
Puyo Puyo;25
Tiger Woods PGA Tour;25
Batman: Arkham;24.81
Naruto: Ultimate Ninja Storm;24.38
Dynasty Warriors;24
Kinect Adventures!    Read the review;24
Petz;24
Nintendogs;23.96
Mario Kart DS;23.6
God of War (2018);23.52
Pokémon Gold / Silver Version;23.1
Borderlands 3;23
Call of Duty: Modern Warfare 2;22.7
Marvel's Spider-Man    Read the review;22.69
Wii Fit    Read the review;22.67
Teenage Mutant Ninja Turtles;22.6
Horizon: Zero Dawn;22.6
The Legend of Zelda: Tears of the Kingdom    Read the review;22.4
Microsoft Flight Simulator;22.2
Hollow Knight;22
SpongeBob SquarePants;22
Castlevania;21.63
Super Mario Party    Read the review;21.28
Wii Fit Plus;21.13
God of War (2018)    Read the review;21.02
Ace Combat;21
Battlefield 1;21
Imagine;21
Final Fantasy X/X-2;20.8
Super Robot Wars;20.8
Super Mario World;20.61
The Lord of the Rings;20.57
7 Days to Die;20
Baldur's Gate III;20
Black Myth: Wukong;20
Castle Crashers;20
Crash Bandicoot N. Sane Trilogy;20
Dying Light;20
FIFA 19;20
Frogger;20
Gundam;20
Lemmings;20
Little Nightmares;20
Prince of Persia;20
Rayman Raving Rabbids;20
SimCity;20
Simple;20
SingStar;20
Sniper Elite;20
Tom Clancy's The Division;20
Watch Dogs;20
Momotaro Dentetsu;19.9
Horizon: Zero Dawn;19.3
StarCraft;19.1
Metroid;19.03
Brain Age: Train Your Brain in Minutes a Day;19.01
Call of Duty: Ghosts;19
Dead Rising;19
Driver;19
WarCraft;19
Mario Kart 7    Read the review;18.99
New Super Mario Bros. U Deluxe;18.8
Uncharted 4: A Thief's End;18.65
The Last of Us Remastered;18.63
Midnight Club;18.5
Subnautica;18.5
Monster Hunter Rise;18.2
Super Mario Land;18.14
Professor Layton;18
The Elder Scrolls Online;18
Nintendo Switch Sports    Read the review;17.84
Need for Speed: Most Wanted;17.8
Pokémon Diamond / Pearl Version;17.67
Grand Theft Auto: Vice City;17.5
Grand Theft Auto: San Andreas;17.3
Super Mario Bros. 3;17.28
Pokemon Mystery Dungeon;17.26
RollerCoaster Tycoon;17.23
Dragon Age;17.2
Super Mario Bros. Wonder    Read the review;17.15
SoulCalibur;17
Zuma;17
Zuma;17
Resident Evil 2 (2019);16.8
Pokémon X/Y    Read the review;16.78
Fire Emblem;16.75
Mario Tennis;16.75
Deus Ex;16.4
Resident Evil 7;16.4
Pokémon Sun/Moon;16.33
Resident Evil 5;16.3
Pokémon Ruby / Sapphire Version;16.22
Metro;16.2
Dead Island;16
FIFA 11;16
Mass Effect;16
Rust;16
The Sims;16
The Witcher 3: Wild Hunt;15.9
Call of Duty 4: Modern Warfare;15.7
Call of Duty: World at War;15.7
Pokémon Black / White Version    Read the review;15.64
Resident Evil 6;15.6
Monster Hunter World: Iceborne;15.6
Need for Speed: Carbon;15.6
Paper Mario;15.57
Dragon Ball Xenoverse;15.49
Ring Fit Adventure;15.38
Final Fantasy VII;15.1
Resident Evil 4;15.1
Super Mario Galaxy;15.08
Pokémon: Let's Go, Pikachu/Eevee    Read the review;15.07
Pokémon Brilliant Diamond / Shining Pearl    Read the review;15.06
Counter-Strike: Source;15
Assassin's Creed IV: Black Flag;15
Backyard Sports;15
Barbie;15
Battlefield 3;15
Burnout;15
Detroit: Become Human;15
Famista;15
Gex;15
God of War: Ragnarök;15
Hollow Knight;15
Just Cause;15
Kingdom Come: Deliverance;15
Mario & Sonic at the Olympic Games;15
Mortal Kombat 11;15
Need for Speed: Underground;15
Ori;15
Palworld;15
Palworld;15
Red Dead Redemption;15
Sonic the Hedgehog;15
The Witcher 2: Assassins of Kings;15
Theme Park;15
Gran Turismo 3: A-Spec;14.89
Brain Age 2: More Training in Minutes a Day;14.88
Pokémon Legends: Arceus    Read the review;14.83
Pokémon Omega Ruby/Pokémon Alpha Sapphire;14.67
Pokémon Yellow: Special Pikachu Edition;14.64
FIFA 13;14.5
Grand Theft Auto III;14.5
Halo 3    Read the review;14.5
Tomb Raider (2013);14.5
Lego Batman;14.4
Marvel's Spider-Man: Miles Morales;14.4
Luigi's Mansion 3    Read the review;14.25
Mario & Luigi;14.19
Everybody's Golf;14.19
Street Fighter II;14.05
Mario Kart World;14.03
Ace Attorney;14
ARC Raiders;14
Mafia;14
Maneater;14
Mario Party Superstars    Read the review;14
NBA 2K20;14
Silent Hill;14
Star Wars Battlefront (2015);14
Yo-kai Watch;14
Portal;13.97
Splatoon 2;13.6
Guild Wars;13.5
Resident Evil 8: Village;13.5
Super Mario 3D World + Bowser's Fury    Read the review;13.47
New Super Mario Bros. 2    Read the review;13.42
Super Smash Bros. Brawl    Read the review;13.32
Rock Band;13.2
Dragon's Dogma;13.1
Portal 2;13.06
Animal Crossing: New Leaf    Read the review;13.06
Cities: Skylines;13
Euro Truck Simulator 2;13
Ghost;13
Ghost of Tsushima;13
Marvel vs. Capcom;13
Minecraft    Read the review;13
Ready or Not;13
Scribblenauts;13
The Sims 2;13
Gran Turismo Sport;12.98
Super Mario 3D Land    Read the review;12.89
Super Mario Galaxy    Read the review;12.8
Pokémon Heart Gold / Soul Silver Version    Read the review;12.72
Grand Theft Auto V;12.6
Devil May Cry 5;12.6
Fable;12.58
Batman: Arkham City;12.5
Myst;12.5
The Witcher 3: Wild Hunt    Read the review;12.4
Mario Golf;12.35
Pokémon Legends Z-A;12.3
NieR;12.2
Resident Evil 4 (2023);12.2
Wario;12.13
A Way Out;12
Assassin's Creed III;12
Assetto Corsa;12
Bomberman;12
Cities: Skylines;12
Cooking Mama;12
Diablo III    Read the review;12
Dragon Age: Inquisition;12
Half-Life 2;12
Helldivers 2;12
Jak and Daxter;12
Left 4 Dead;12
NBA 2K19;12
Pokémon FireRed / LeafGreen Version;12
SOCOM;12
Tekken 7;12
World of Warcraft;12
Splatoon 3    Read the review;11.96
Gran Turismo 5    Read the review;11.95
Super Mario 64;11.91
Naruto Shippuden: Ultimate Ninja Storm 4;11.88
Rise of the Tomb Raider;11.8
Gran Turismo 4;11.76
Animal Crossing: Wild World;11.75
LittleBigPlanet;11.66
Taiko no Tatsujin;11.64
The Room;11.6
Max Payne;11.5
Big Brain Academy;11.43
Super Mario Land 2: 6 Golden Coins;11.18
Wii Party;11.14
Super Mario 64 DS;11.06
A Way Out;11
BioShock Infinite;11
Civilization VI;11
Dance Dance Revolution;11
Deep Rock Galactic;11
Fall Guys: Ultimate Knockout;11
Fall Guys: Ultimate Knockout;11
Lego Batman: The Videogame;11
Marvel's Spider-Man 2    Read the review;11
Monster Hunter Wilds;11
Mortal Kombat X;11
NBA 2K21;11
Need for Speed: Underground 2;11
Nobunaga's Ambition;11
Sniper: Ghost Warrior;11
StarCraft;11
Monster Hunter Rise: Sunbreak;10.9
Need for Speed: ProStreet;10.9
Resident Evil 3 (2020);10.9
Gran Turismo;10.85
Super Mario All-Stars;10.55
Rocket League;10.5
Rocket League;10.5
Street Fighter IV;10.5
Tomodachi;10.48
Dark Souls III;10.46
Persona 5;10.45
The Last of Us Part II    Read the review;10.3
SaGa;10.1
Arma III;10
Assassin's Creed Odyssey;10
Assassin's Creed Origins;10
Assassin's Creed Unity;10
Broken Sword;10
Buzz!;10
Crash Team Racing Nitro-Fueled;10
Cyberpunk 2077: Phantom Liberty;10
Danganronpa;10
Dead Cells;10
Deep Rock Galactic;10
Dragon Ball FighterZ;10
Dragon Ball Xenoverse 2;10
Dragon Ball Z: Kakarot;10
Elden Ring: Shadow of the Erdtree;10
Far Cry 3;10
Far Cry 4;10
Far Cry 5;10
FIFA 10;10
FIFA 12;10
Final Fantasy XV;10
Green Hell;10
Just Dance 2    Read the review;10
Just Dance 3;10
Killing Floor;10
Kingdom Come: Deliverance;10
Metro Exodus;10
MX vs. ATV;10
NBA 2K18;10
NBA 2K22;10
NieR: Automata;10
Nioh;10
One Piece: Pirate Warriors;10
PEAK;10
Pitfall;10
RollerCoaster Tycoon 3;10
Sekiro: Shadows Die Twice;10
Spyro Reignited Trilogy;10
Star Wars Jedi;10
Star Wars Jedi: Fallen Order;10
The Settlers;10
The Sims 3;10
The Witcher;10
Titanfall;10
Tom Clancy's Ghost Recon Wildlands;10
Tom Clancy's Rainbow Six Siege;10
Tom Clancy's The Division;10
Tom Clancy's The Division 2;10
Valheim;10
Watch Dogs;10
Watch Dogs 2;10
Uncharted: The Nathan Drake Collection;9.98
Portal;9.97
The Binding of Isaac;9.93
Megami Tensei;9.91
Final Fantasy VII;9.9
Star Fox;9.88
Mario Kart 64;9.87
Pikmin;9.87
Super Mario Galaxy 2;9.83
Dragon Quest Monsters;9.75
Dead or Alive;9.7
Super Smash Bros. for 3DS    Read the review;9.65
Final Fantasy VIII;9.6
Carnival Games;9.5
Romance of the Three Kingdoms;9.5
Tekken 5;9.43
Super Mario Party Jamboree;9.41
Monster Hunter Generations;9.4
Gran Turismo 2;9.37
Pokémon Stadium;9.37
Xeno;9.36
Wii Party;9.35
Mario Party DS;9.31
Donkey Kong Country;9.3
Half-Life;9.3
Uncharted 3: Drake's Deception    Read the review;9.3
Pokémon: Ultra Sun and Ultra Moon;9.26
Super Mario 3D All-Stars    Read the review;9.07
Rust;9.02
Assassin's Creed II;9
Battlefield: Bad Company 2;9
Dragon Quest XI;9
Harry Potter and the Chamber of Secrets;9
Onimusha;9
Ready or Not;9
Star Wars Battlefront II (2017);9
The Experience;9
This War of Mine;9
This War of Mine;9
Ninja Gaiden;8.96
Days Gone;8.94
The Legend of Zelda: Twilight Princess;8.93
Final Fantasy IX;8.9
Need for Speed: Undercover;8.9
Shadow of the Tomb Raider;8.9
Mario Party 8;8.85
Inazuma Eleven;8.8
Super Mario Kart;8.76
Final Fantasy VIII;8.6
Final Fantasy X;8.6
Monument Valley;8.59
Resistance;8.53
Pokémon Black 2 and White 2    Read the review;8.52
NBA 2K17;8.5
Samurai Warriors;8.5
Mario Kart 8    Read the review;8.46
Tekken 3;8.43
Super Mario Maker 2;8.42
Pokémon Legends Z-A;8.41
Horizon: Forbidden West;8.4
Atelier;8.3
Monster Hunter 4;8.3
Alan Wake;8.2
Lego Star Wars II: The Original Trilogy;8.2
The Last of Us    Read the review;8.15
Dragon's Dogma: Dark Arisen;8.1
GoldenEye 007;8.09
Assassin's Creed;8
Cars;8
Cuphead;8
Ghost of Tsushima    Read the review;8
Grand Theft Auto: Liberty City Stories;8
Guitar Hero III: Legends of Rock;8
Halo 2;8
Harry Potter and the Sorcerer's Stone;8
Kinect Sports;8
Moto Racer;8
NBA 2K16;8
Sid Meier's Civilization V    Read the review;8
Unreal;8
Stardew Valley;7.9
Street Fighter V;7.9
Chrono;7.8
FIFA 09;7.8
Final Fantasy XII;7.71
Final Fantasy XIII;7.71
Monster Hunter Rise    Read the review;7.7
Pac-Man;7.7
Cyberpunk 2077;7.67
Magicka;7.66
Bloodborne    Read the review;7.65
God of War III    Read the review;7.6
Pokémon Platinum Version;7.6
The Legend of Zelda: Ocarina of Time;7.6
Jurassic Park;7.57
Kirby and the Forgotten Land    Read the review;7.52
Crysis;7.5
The Legend of Zelda: Twilight Princess    Read the review;7.5
Super Mario Bros. 2;7.46
Super Mario Galaxy 2    Read the review;7.41
Super Smash Bros. Melee;7.41
Madden NFL 07;7.4
Trine;7.39
inFAMOUS;7.3
Battlefield V;7.3
The Forest;7.3
Yokai Watch 2: Bony Spirits / Fleshy Souls / Psychic Specters;7.3
WarioWare;7.26
Persona 5 Royal;7.25
Days Gone;7.24
Clubhouse Games;7.21
Oddworld;7.2
Assassin's Creed: Brotherhood;7.2
Call of Duty 3;7.2
The Binding of Isaac;7.17
Tomb Raider;7.16
Pokémon Emerald Version;7.06
Ratchet & Clank (2016);7.06
Metal Gear Solid 2;7.03
Ace Combat 7: Skies Unknown;7
Assassin's Creed: Revelations;7
Battlefield 6;7
DiRT;7
Final Fantasy VII Remake;7
Grand Theft Auto: Vice City Stories;7
Grim Dawn;7
Guild Wars 2    Read the review;7
Hollow Knight: Silksong;7
Just Dance 3;7
King's Quest;7
Mafia III;7
Mana;7
Metal Gear Solid;7
NBA 2K14;7
NBA 2K15;7
Octopath Traveler;7
Project Gotham Racing;7
Rugrats;7
Star Wars: The Force Unleashed;7
The Legend of Heroes: Trails;7
Warhammer 40,000: Dawn of War;7
Zumba Fitness;7
Mario vs. Donkey Kong;6.99
The Room;6.94
Lost Planet;6.9
Mario Kart: Double Dash!!;6.88
Tomb Raider II;6.85
Crash Bandicoot;6.82
Pokémon Ranger;6.81
Mario Strikers;6.74
Star Wars: Knights of the Old Republic;6.73
Tomodachi Life;6.72
Devil May Cry 4;6.7
Kingdom Hearts III;6.7
Lego Star Wars: The Video Game;6.7
Pokémon Pinball;6.68
Donkey Kong Country: Tropical Freeze;6.64
Fallout 4;6.6
Ben 10;6.6
Donkey Kong Country Returns    Read the review;6.53
Mario & Sonic at the Olympic Winter Games;6.53
The Legend of Zelda;6.51
Guild Wars;6.5
Madden NFL 06;6.5
Luigi's Mansion: Dark Moon    Read the review;6.48
Diddy Kong Racing;6.47
The Legend of Zelda: Link's Awakening    Read the review;6.46
The Legend of Zelda: Ocarina of Time 3D    Read the review;6.44
Elite;6.4
Final Fantasy XII;6.4
Tomb Raider: Legend;6.4
Pokémon Crystal Version;6.39
Hatsune Miku: Project;6.35
Kingdom Hearts;6.3
Myst;6.3
Street Fighter 6;6.3
Street Fighter II: The World Warrior;6.3
Bayonetta;6.24
Tekken 7    Read the review;6.23
Mortal Kombat 1;6.2
Big Brain Academy;6.15
Resident Evil Zero;6.15
Pokémon Snap;6.03
Borderlands;6
Carnival Games;6
Championship Manager;6
Conflict;6
Cuphead;6
Dead Space;6
FIFA 07;6
Final Fantasy Pixel Remaster;6
Frogger (1997);6
Hyrule Warriors;6
Just Dance;6
Limbo;6
Mass Effect 3;6
Metal Gear Solid 4: Guns of the Patriots    Read the review;6
Metal Gear Solid V: The Phantom Pain;6
Mortal Kombat;6
MotorStorm;6
NBA Jam;6
Project Gotham Racing;6
Resident Evil Requiem;6
Sonic the Hedgehog 2;6
Star Wars: Battlefront II;6
StarCraft II: Wings of Liberty    Read the review;6
Tom Clancy's Splinter Cell;6
Resident Evil (2002);5.95
Tomb Raider III;5.94
Mario Kart: Super Circuit;5.91
Super Mario Sunshine    Read the review;5.91
Call of Duty 2;5.9
Super Mario 3D World    Read the review;5.89
Style Savvy;5.83
Age of Empires II: HD Edition    Read the review;5.82
New Super Mario Bros. U    Read the review;5.82
DayZ;5.8
Link's Crossbow Training    Read the review;5.79
Dark Souls II;5.76
Anno;5.7
Crash Bandicoot 3: Warped;5.7
Dead Rising 3;5.7
Tekken 2;5.7
Trials;5.7
Super Mario World: Super Mario Advance 2;5.69
Dishonored;5.67
Metal Gear Solid 2: Sons of Liberty;5.64
God of War III Remastered;5.62
Tekken 6;5.6
Frostpunk;5.59
Tetris;5.58
Super Mario Advance;5.57
Super Smash Bros.;5.55
XCOM;5.55
LittleBigPlanet 3    Read the review;5.54
Metal Gear Solid;5.51
Detroit: Become Human    Read the review;5.5
Dragon Quest IX: Sentinels of the Starry Skies    Read the review;5.5
Final Fantasy IX;5.5
Final Fantasy X-2;5.5
Lords of the Fallen;5.5
NBA 2K11;5.5
Saints Row: The Third;5.5
Satisfactory;5.5
Tomb Raider (2013);5.5
Dragon Ball Xenoverse;5.49
Pokémon Stadium;5.46
Super Mario RPG;5.45
Super Mario Advance 4: Super Mario Bros. 3;5.43
Total War: Warhammer;5.38
Super Smash Bros. for Wii U;5.38
Alien;5.36
Gran Turismo 5 Prologue    Read the review;5.35
Dr. Mario;5.34
Uncharted: The Lost Legacy;5.34
Pokémon Pinball;5.31
inFAMOUS: Second Son    Read the review;5.3
Heavy Rain;5.3
Slime Rancher;5.3
The Forest;5.3
Donkey Kong 64;5.27
Wolfenstein;5.27
Subnautica;5.23
Fallout: New Vegas;5.22
Gran Turismo 6;5.22
Nintendo Land    Read the review;5.21
Kingdom Hearts II;5.2
Super Mario Land 3: Wario Land;5.19
Donkey Kong Country 2: Diddy's Kong Quest;5.15
Ridge Racer;5.13
Kirby's Dream Land;5.13
Jump Force;5.12
Guitar Hero World Tour;5.1
Killzone;5.1
Monument Valley;5.1
Resident Evil;5.08
Super Mario Bros. Deluxe;5.07
Disgaea;5.05
Anthem;5
Asterix;5
Balatro;5
Batman: Arkham Knight;5
Bully;5
Chessmaster;5
Chrono Trigger;5
Cities: Skylines;5
Clair Obscur: Expedition 33;5
Close Combat;5
Control;5
Crash Bandicoot 4: It's About Time;5
Dave the Diver;5
Dead by Daylight;5
Dead Island;5
Death Stranding;5
Diablo II: Resurrected;5
Dragon Ball: Sparking! Zero;5
Dying Light 2 Stay Human;5
Elden Ring Nightreign;5
Enter the Matrix;5
F-Zero;5
Final Fantasy VII Remake    Read the review;5
Finding Nemo;5
Frostpunk;5
Gears of War    Read the review;5
Gears of War 2    Read the review;5
Ghostbusters;5
Guitar Hero II;5
Gungeon;5
Halo 5: Guardians    Read the review;5
Halo: Combat Evolved;5
Kerbal Space Program;5
Kerbal Space Program;5
Killing Floor;5
Kingdom Come: Deliverance II;5
L.A. Noire;5
Madden NFL 11;5
Madden NFL 12;5
Madden NFL 2004;5
Medal of Honor (2010);5
Mortal Kombat II;5
Mount & Blade II: Bannerlord;5
Need for Speed: Hot Pursuit (2010);5
Peter Jackson's King Kong: The Official Game of the Movie;5
S.T.A.L.K.E.R.;5
Sea of Thieves    Read the review;5
Sea of Thieves;5
SimCity 3000;5
Slime Rancher;5
South Park: The Stick of Truth;5
Tecmo Bowl;5
The Long Dark;5
The Matrix;5
The Outer Worlds;5
The Outer Worlds;5
Torchlight;5
V Rising;5
Worms;5
Driveclub    Read the review;4.97
Dark Souls;4.96
Resident Evil 2;4.96
Darksiders;4.95
Splatoon    Read the review;4.95
Dragon Quest VIII: Journey of the Cursed King;4.9
Monster Hunter Freedom 3;4.9
Diddy Kong Racing;4.88
Pokémon Mystery Dungeon: Explorers of Time / Darkness;4.88
Yoshi;4.87
Dr. Mario;4.85
Spyro the Dragon;4.83
DmC: Devil May Cry;4.8
DuckTales;4.8
Okami;4.8
Ys;4.8
The Legend of Zelda: Phantom Hourglass    Read the review;4.76
Tomb Raider: The Last Revelation;4.74
Bravely;4.7
Ghosts 'n Goblins;4.7
The Witcher 3: Wild Hunt;4.7
World of Warcraft: Cataclysm    Read the review;4.7
Nintendogs + cats    Read the review;4.69
Gran Turismo    Read the review;4.67
Clubhouse Games: 51 Worldwide Classics    Read the review;4.64
Donkey Kong Country: Tropical Freeze    Read the review;4.62
God of War;4.62
The Legend of Zelda: A Link to the Past;4.61
Left 4 Dead;4.6
Capcom Arcade Stadium;4.6
Dino Crisis;4.6
Phoenix Wright: Ace Attorney Trilogy;4.6
Wizardry;4.6
Sonic Heroes;4.58
Sonic Frontiers;4.57
BioShock Infinite    Read the review;4.56
Mario & Luigi: Bowser's Inside Story    Read the review;4.56
Dead Island;4.52
Arma 2: Operation Arrowhead;4.51
ARK: Survival Evolved;4.5
Call of Duty;4.5
Cult of the Lamb;4.5
FIFA 08;4.5
FIFA Football 2005;4.5
LittleBigPlanet    Read the review;4.5
Madden NFL 08;4.5
Madden NFL 09;4.5
Mario Tennis Aces    Read the review;4.5
Might and Magic;4.5
Monster Hunter 3;4.5
NBA 2K13;4.5
Riven: The Sequel to Myst;4.5
Warcraft III: Reign of Chaos;4.5
You Don't Know Jack;4.5
Professor Layton and the Curious Village;4.49
Dragon Ball: Xenoverse 2;4.47
The Legend of Zelda: The Wind Waker;4.43
Death Stranding    Read the review;4.39
Kirby Star Allies    Read the review;4.38
Zelda II: The Adventure of Link;4.38
Tekken 4;4.35
Tekken Tag Tournament;4.35
Animal Crossing: City Folk    Read the review;4.32
Dragon Ball FighterZ    Read the review;4.31
Starbound;4.31
Batman: Arkham Asylum;4.3
Dragon Quest VII;4.3
Monster Hunter Generations;4.3
Naruto Shippuden: Ultimate Ninja Storm 4;4.3
Resident Evil: Revelations;4.3
Donkey Kong Bananza    Read the review;4.25
God of War II;4.24
The Legend of Zelda: A Link Between Worlds    Read the review;4.24
Super Paper Mario;4.23
Counter-Strike;4.2
Devil May Cry HD Collection;4.2
Monster Hunter 4 Ultimate;4.2
Perfect Dark;4.2
7 Days to Die;4.18
Just Cause 2    Read the review;4.16
Excitebike;4.16
Tennis;4.16
The Legend of Zelda: Skyward Sword HD    Read the review;4.15
Fire Emblem: Three Houses    Read the review;4.12
Super Mario World 2: Yoshi's Island;4.12
Dragon's Dogma 2;4.1
Monster Hunter 4;4.1
Sakura Wars;4.1
Sengoku BASARA;4.1
Street Fighter II Turbo;4.1
The Legend of Zelda: Echoes of Wisdom    Read the review;4.09
Crash Bandicoot 2: Cortex Strikes Back;4.09
Rhythm Heaven;4.07
Until Dawn;4.04
Super Mario Maker;4.02
Golf;4.01
BioShock;4
Company of Heroes;4
Crusader Kings;4
DayZ;4
Dead Rising 3    Read the review;4
Dead Space 2;4
Diablo II;4
Disney's Aladdin;4
Driver;4
EyeToy Play;4
Far Cry Primal;4
Farming Simulator 25;4
Frogger;4
God Eater;4
Hyrule Warriors: Age of Calamity    Read the review;4
Just Dance 2015;4
Lego Jurassic World;4
Lies of P;4
Madden NFL 10;4
Madden NFL 2005;4
Max Payne;4
Max Payne 3;4
Metal Gear Solid 3: Snake Eater;4
Momotaro Dentetsu: Showa, Heisei, Reiwa Mo Teiban!;4
Monster Hunter: World;4
Monster Rancher;4
NBA 2K12;4
Need for Speed Rivals;4
Need for Speed: Shift;4
One Piece: Pirate Warriors 4;4
Pitfall!;4
Ratatouille;4
Remnant;4
Resident Evil: Revelations 2;4
Risk of Rain;4
Rock Band;4
Rocksmith;4
Sonic Colors;4
Split Fiction;4
Star Fox 64;4
Star Wars: Battlefront;4
Super Mario Run;4
Teenage Mutant Ninja Turtles;4
The Elder Scrolls III: Morrowind;4
The Incredibles;4
The Lord of the Rings: The Two Towers;4
The Simpsons Game;4
Turok;4
V Rising;4
Warhammer 40,000: Dawn of War;4
Who Wants to be a Millionaire;4
World of Warcraft: Wrath of the Lich King;4
WWE SmackDown vs. Raw 2009;4
Zombie Army;4
Zoo Tycoon;4
The Legend of Zelda: Oracle of Ages / Seasons;3.99
Divinity;3.98
Half-Life 2: Episode One;3.92
Dark Souls III;3.91
Donkey Kong Land;3.91
English Training: Have Fun Improving Your Skills!;3.91
Dragon Quest III;3.9
Resistance: Fall of Man    Read the review;3.9
Pokémon Legends Z-A - Nintendo Switch 2 Edition;3.89
Professor Layton and the Diabolical Box    Read the review;3.88
Final Fantasy III;3.86
Jump Force;3.85
Cyberpunk 2077    Read the review;3.84
The Legend of Zelda: Link's Awakening;3.83
Resident Evil VII: Biohazard    Read the review;3.83
Final Fantasy VI;3.81
Homefront;3.8
Monster Hunter Freedom Unite;3.8
Street Fighter 30th Anniversary Collection;3.8
Super Mario Maker;3.79
Tomodachi Collection;3.76
1-2-Switch;3.74
Captain Toad: Treasure Tracker;3.72
Pokémon Trading Card Game;3.72
Ratchet & Clank;3.71
Hitman 2: Silent Assassin;3.71
Diablo III: Reaper of Souls;3.7
World of Warcraft: Shadowlands;3.7
The Legend of Zelda: Skyward Sword    Read the review;3.67
Bayonetta;3.66
Banjo-Kazooie;3.65
Elden Ring;3.64
Pokémon Snap;3.63
BattleBlock Theater;3.61
Army of Two;3.6
Guitar Hero: Aerosmith;3.6
Hitman: Absolution;3.6
Undertale;3.58
Animal Crossing: Happy Home Designer;3.51
Donkey Kong Country 3: Dixie Kong's Double Trouble!;3.51
Croc;3.5
Doom;3.5
Doom 3;3.5
Drawn to Life;3.5
Duke Nukem 3D;3.5
Elite Dangerous;3.5
Fable II    Read the review;3.5
Grand Theft Auto;3.5
Kung Fu;3.5
Legacy of Kain;3.5
Mario Tennis;3.5
Mortal Kombat: Deadly Alliance;3.5
Nioh;3.5
Oddworld: Abe's Oddysee;3.5
Resident Evil 3: Nemesis;3.5
Team Sonic Racing;3.5
UFC 2009 Undisputed;3.5
Ultimate Marvel vs. Capcom 3;3.5
World of Warcraft: The Burning Crusade;3.5
WWE SmackDown vs. Raw 2010;3.5
WWE SmackDown vs. Raw 2011;3.5
Final Fantasy IV;3.5
Monument Valley 2;3.5
Pokémon Mystery Dungeon: Blue Rescue Team;3.49
Pikmin 4    Read the review;3.48
Darksiders;3.48
Paper Mario: The Origami King    Read the review;3.47
Dying Light;3.47
Dragon Ball Z: Budokai;3.46
The Legend of Zelda: Majora's Mask 3D    Read the review;3.46
Spyro 2: Ripto's Rage!;3.45
Star Ocean;3.44
F-1 Race;3.41
Dead Rising;3.4
Lego Batman 2: DC Super Heroes;3.4
Lego Star Wars: The Complete Saga;3.4
Saints Row 2;3.4
SimCity 2000;3.4
World of Warcraft: Battle for Azeroth;3.4
Spintires;3.39
Dark Souls: Remastered;3.39
Mario Baseball;3.37
Tekken: Dark Resurrection    Read the review;3.37
The Legend of Zelda: Majora's Mask;3.36
Yoshi's Island DS;3.36
Yoshi's Crafted World    Read the review;3.35
Final Fantasy XIII-2;3.34
Big Brain Academy: Wii Degree;3.34
Naruto Shippuden: Ultimate Ninja Storm Trilogy;3.34
Luigi's Mansion;3.33
Super Mario RPG    Read the review;3.31
Breath of Fire;3.3
Commandos;3.3
Ghost of Yotei;3.3
Horizon: Zero Dawn;3.3
Resident Evil 4;3.3
World of Warcraft: Legion;3.3
World of Warcraft: Warlords of Draenor;3.3
Dark Souls III;3.29
Dark Souls: Prepare to Die Edition;3.29
Spyro: Year of the Dragon;3.28
Half-Life 2: Episode Two;3.28
The Room Two;3.28
God of War: Chains of Olympus    Read the review;3.26
Flash Focus: Vision Training in Minutes a Day;3.23
Top Gun;3.23
Dragon Ball Z: Kakarot    Read the review;3.22
Ratchet & Clank: Up Your Arsenal;3.22
Total War: Three Kingdoms;3.21
Alan Wake;3.2
Baseball;3.2
Dead Rising 2;3.2
Dragon Age: Origins;3.2
Dragon Quest IV;3.2
Dragon Quest VI: Maboroshi no Daichi;3.2
Final Fight;3.2
Killer Instinct;3.2
Lego Star Wars: The Skywalker Saga;3.2
Perfect Dark;3.2
Star Wars: Knights of the Old Republic;3.2
Front Mission;3.18
Naruto to Boruto: Shinobi Striker;3.18
Personal Trainer: Cooking;3.18
SimCity;3.18
Sonic Heroes;3.16
Kid Icarus;3.13
Star Wars Episode I Racer;3.12
Tekken 6;3.12
Yoshi;3.12
Kirby Air Ride;3.11
Mario Party 9    Read the review;3.11
Okami HD;3.1
Parasite Eve;3.1
Quake;3.1
Sacred;3.09
Fire Emblem Fates;3.09
World Class Track Meet;3.08
Donkey Kong;3.07
New Super Luigi U    Read the review;3.07
Elden Ring;3.04
Metroid Dread    Read the review;3.04
Rhythm Heaven    Read the review;3.04
Mike Tyson's Punch-Out!!;3.02
Professor Layton and the Unwound Future    Read the review;3.02
SoulCalibur IV;3.02
Miitopia;3.01
Age of Empires;3
Armored Core VI Fires of Rubicon;3
Bastion;3
Battlefield 1942;3
BioShock 2;3
Bravely Default: Flying Fairy    Read the review;3
Chivalry;3
Civilization II;3
Code Vein;3
Code Vein;3
Command & Conquer;3
Croc: Legend of the Gobbos;3
Crusader Kings III;3
Crysis;3
Crysis 2;3
Demon Slayer: Kimetsu no Yaiba – The Hinokami Chronicles;3
Dishonored    Read the review;3
Disney Infinity;3
Dispatch;3
Driver 3;3
Enter the Gungeon;3
Fable;3
Farming Simulator 15?;3
Farming Simulator 22;3
Final Fantasy XVI    Read the review;3
Football Manager 2020;3
Frogwares' Sherlock Holmes;3
Game Party;3
Gears of War 3    Read the review;3
Ghostbusters: The Video Game;3
God of War: Ascension    Read the review;3
Granblue Fantasy;3
GRIS;3
Halo 3: ODST    Read the review;3
Heavy Rain    Read the review;3
Jurassic World Evolution;3
Kinect Sports;3
Left 4 Dead    Read the review;3
Left 4 Dead 2    Read the review;3
Life is Strange;3
Little Nightmares;3
Lords of the Fallen;3
Manor Lords;3
Mass Effect: Andromeda;3
Michael Jackson: The Experience;3
Middle-earth: Shadow of War;3
Mortal Kombat (2011);3
Mortal Kombat 3;3
MotorStorm    Read the review;3
Needy Streamer Overload;3
Octopath Traveler;3
Pajama Sam;3
PGA Tour 2K21;3
Princess Peach;3
Rally Championship;3
Remnant: From the Ashes;3
Risk of Rain;3
Shantae;3
Shaun White Snowboarding;3
Sid Meier's Civilization IV;3
Sonic and the Secret Rings;3
Sonic Rush;3
Space Engineers;3
Squad;3
Stellar Blade;3
Syberia;3
Tales of Arise;3
Tekken 8;3
The Simpsons: Hit & Run;3
Torchlight II;3
Warcraft II: Tides of Darkness;3
Warcraft II: Tides of Darkness;3
Warhammer: Vermintide;3
World War Z;3
WWE 2K15;3
WWE 2K17;3
Your Shape;3
Kirby Super Star Ultra    Read the review;2.99
Star Fox;2.99
Mario vs. Donkey Kong: Mini-Land Mayhem!;2.98
Style Savvy;2.98
Super Meat Boy;2.97
Yokai Watch;2.97
Ratchet & Clank: Going Commando;2.97
The Legend of Zelda: Spirit Tracks    Read the review;2.96
Mario Party: Island Tour    Read the review;2.95
Donkey Kong Country Returns 3D    Read the review;2.94
Wave Race 64;2.94
Pokémon Ranger;2.93
Warriors Orochi;2.93
Counter-Strike: Condition Zero;2.9
Dead Rising 2: Off the Record;2.9
Dragon Ball Z: Budokai 2;2.9
Far Cry 2;2.9
Final Fantasy III;2.9
Nioh;2.9
WWE SmackDown! vs. Raw 2006;2.9
Middle-Earth: Shadow of Mordor    Read the review;2.88
Tales of Vesperia;2.88
Final Fantasy V;2.88
Subnautica    Read the review;2.87
Wii Music;2.86
Yakuza: Like a Dragon;2.86
Prison Architect;2.86
F-Zero;2.85
Yoshi's Story;2.85
The Walking Dead: A Telltale Games Series;2.85
Superhot;2.84
Metroid Prime    Read the review;2.84
Resistance 2    Read the review;2.84
Ni no Kuni;2.83
Yoshi's Island: Super Mario Advance 3;2.83
Kane & Lynch;2.82
The Legend of Zelda: A Link to the Past;2.82
Thief;2.81
Persona 4;2.81
Hitman: Absolution;2.81
2006 FIFA World Cup;2.8
Baldur's Gate;2.8
Beyond: Two Souls;2.8
Dragon Quest V: Tenkuu no Hanayome;2.8
Infestation: Survivor Stories;2.8
Madden NFL 07;2.8
Magicka    Read the review;2.8
Resident Evil: Operation Raccoon City;2.8
Tekken;2.8
Tom Clancy's Splinter Cell: Pandora Tomorrow;2.8
World Soccer: Winning Eleven 6;2.8
Trine 2    Read the review;2.79
Art Academy;2.78
Valkyria Chronicles;2.77
The Binding of Isaac: Rebirth;2.76
Resident Evil;2.75
Tetris DS;2.74
Metroid;2.73
Ratchet & Clank: Rift Apart;2.72
ARMS;2.72
World Soccer Winning Eleven 7 International;2.71
Divinity: Original Sin;2.71
1602 A.D.;2.7
James Cameron's Avatar: The Game;2.7
Lego Harry Potter: Years 1-4;2.7
Mario & Luigi: Dream Team    Read the review;2.7
Mario Party;2.7
World of Warcraft: Mists of Pandaria    Read the review;2.7
Xenoblade Chronicles 2;2.7
Sonic the Hedgehog (2006);2.69
Iron Man;2.68
Elden Ring;2.67
Kirby: Triple Deluxe;2.66
Shovel Knight;2.65
Shovel Knight;2.65
Star Wars: Shadows of the Empire;2.65
Super Mario Bros. 2 (FDS);2.65
Yoshi's Cookie;2.65
Ace Combat 04: Shattered Skies;2.64
Tomb Raider: Underworld;2.62
Fantasy Life;2.61
Army of Two;2.6
Bloodstained;2.6
Capcom Arcade Stadium;2.6
Homefront;2.6
Mario Strikers Charged;2.6
Monster Hunter 3G;2.6
NieR: Automata;2.6
Hotline Miami;2.58
Bastion;2.58
Clubhouse Games;2.57
Ratchet & Clank Future: Tools of Destruction    Read the review;2.54
Mario Strikers: Battle League    Read the review;2.54
Pokémon Stadium 2;2.54
Resident Evil Code: Veronica;2.54
Mirror's Edge;2.54
The 7th Guest;2.52
Dragon Ball: Xenoverse;2.52
Dungeon Siege;2.52
Tomb Raider: The Angel of Darkness;2.51
Alone in the Dark;2.5
Atelier Ryza;2.5
Ben 10: Protector of Earth;2.5
Black & White;2.5
Brink;2.5
Comanche;2.5
Crisis Core: Final Fantasy VII    Read the review;2.5
Dance Central;2.5
Detroit: Become Human;2.5
Diablo;2.5
Dishonored 2;2.5
Dragon Ball Z: Budokai 3;2.5
Dragon Quest II;2.5
Evolve;2.5
Factorio;2.5
Far Cry;2.5
Final Fantasy Tactics;2.5
Firewatch;2.5
Forza Horizon 3    Read the review;2.5
Ghostrunner;2.5
Goat Simulator;2.5
God of War;2.5
Lords of the Fallen (2023);2.5
Lords of the Realm II;2.5
Lumines;2.5
Marvel vs. Capcom: Infinite;2.5
Mirror's Edge;2.5
Missile Command;2.5
NCAA Football 07;2.5
Nioh 2;2.5
Planet Coaster;2.5
Prey;2.5
Prince of Persia (2008);2.5
Silent Hill 2 (2024);2.5
Sonic Adventure;2.5
Streets of Rage 4;2.5
Tales of Berseria;2.5
Tom Clancy's Splinter Cell: Chaos Theory;2.5
Warcraft III: The Frozen Throne;2.5
Rise of the Tomb Raider;2.49
Dustforce DX;2.49
Paper Mario: Sticker Star    Read the review;2.49
Dungeon Defenders;2.48
Mario Golf: Super Rush    Read the review;2.48
Mario Party 2;2.48
Battlefield 1942;2.47
WarioWare Touched!;2.47
Batman: Arkham City;2.47
Mario Party 4;2.46
Sonic Unleashed;2.45
BlazBlue;2.44
Dragon Ball FighterZ;2.43
Sonic & Sega All-Stars Racing;2.43
Sonic Superstars;2.43
Tom Clancy's Ghost Recon;2.43
Ice Hockey;2.42
Super Mario Galaxy 2;2.42
God of War Collection    Read the review;2.42
Pokémon Colosseum;2.41
Command & Conquer: Tiberian Sun;2.4
CSI: Crime Scene Investigation;2.4
Dino Crisis;2.4
Final Fantasy V;2.4
Monster Hunter Freedom 2;2.4
Monster Hunter Stories 2: Wings of Ruin;2.4
New Pokémon Snap;2.4
Pikmin 3 Deluxe;2.4
Prince of Persia: The Sands of Time;2.4
Pro Wrestling;2.4
Realms of Arkania;2.4
Tom Clancy's Ghost Recon Advanced Warfighter;2.4
Ultra Street Fighter IV;2.4
Mario & Sonic at the London 2012 Olympic Games    Read the review;2.39
Fire Emblem: Awakening    Read the review;2.37
The Legend of Zelda: The Wind Waker    Read the review;2.37
Yokai Watch Blasters: Red Cat Corps / White Dog Squad;2.37
Sleeping Dogs;2.36
Kirby's Dream Land 2;2.36
Pokémon Mystery Dungeon: Red Rescue Team;2.36
Captain Toad: Treasure Tracker;2.35
Donkey Kong Land 2;2.35
Dragon Quest Monsters;2.35
Pokémon Ranger: Shadows of Almia;2.35
WarioWare: Smooth Moves    Read the review;2.35
Total War: Warhammer III;2.34
Art Academy;2.33
Cyberpunk 2077;2.33
Mario Super Sluggers;2.32
Mario Tennis;2.32
Mafia II;2.31
Mario Paint;2.31
Papers, Please;2.31
Chrono Trigger;2.3
Daxter;2.3
Devil May Cry 3;2.3
Final Fantasy III;2.3
Persona 5 Royal    Read the review;2.3
Resident Evil 4;2.3
Sonic X Shadow Generations;2.3
Tabletop Simulator;2.3
The Escapists;2.29
The Golden Compass;2.28
Mario Bros.;2.28
Super Mario Galaxy;2.28
Darksiders: Warmastered Edition;2.28
Golf With Your Friends;2.27
Animal Crossing;2.27
Classic NES Series: Super Mario Bros.;2.27
Kirby Squeak Squad;2.27
Mario Party 10;2.27
Project CARS;2.26
Battlefield 2;2.25
Dynasty Warriors 4;2.25
Batman: Arkham Asylum;2.24
Super Mario All-Stars: Limited Edition    Read the review;2.24
Taiko no Tatsujin: Drum 'n' Fun!;2.24
Air Combat;2.23
The Legend of Zelda: Link's Awakening DX;2.22
Darkest Dungeon;2.21
Yokai Watch 3: Sushi / Tempura / Sukiyaki;2.21
Content Warning;2.2
Deponia;2.2
Dragon Quest Builders;2.2
Flashback;2.2
Lost Planet 2;2.2
Marvel vs. Capcom 3: Fate of Two Worlds;2.2
Mega Man 11;2.2
Neverwinter Nights;2.2
Pokémon Pokopia;2.2
Tom Clancy's Rainbow Six 3;2.2
Valkyrie Profile;2.2
Wario Land 3;2.2
Wario Land 4;2.2
WWE '12;2.2
Donkey Kong Country;2.19
Kirby's Pinball Land;2.19
Deus Ex: Human Revolution;2.18
Yu-Gi-Oh: Duel Monsters 4;2.18
Mario Party 5;2.17
Star Wars: Rogue Squadron;2.17
Tennis;2.17
Ratchet: Deadlocked;2.17
Devil May Cry;2.16
Earth Defense Force;2.15
How to Survive 2;2.15
Inazuma Eleven 3: Lightning Bolt / Bomb Blast / Team Ogre Attacks!;2.15
Mario & Luigi: Superstar Saga;2.15
Volleyball;2.15
Banished    Read the review;2.15
Mahjong;2.14
Mario & Sonic at the Olympic Games;2.14
R.C. Pro-Am;2.14
Super Mario RPG: Legend of the Seven Stars;2.14
Final Fantasy;2.13
Naruto to Boruto: Shinobi Striker;2.13
Golf;2.12
Alien: Isolation;2.11
Shin Megami Tensei V;2.11
Arma Reforger;2.1
Hitman: Blood Money;2.1
Killzone: Shadow Fall    Read the review;2.1
Kirby: Nightmare in Dream Land;2.1
Onimusha 2: Samurai's Destiny;2.1
Paper Mario: The Thousand-Year Door;2.1
Total War: WARHAMMER;2.09
Demon’s Souls;2.08
Mario Party 7;2.08
Naruto Shippuden: Ultimate Ninja Storm Trilogy;2.08
Persona 3 Reload;2.07
Dragon Ball: Xenoverse 2;2.06
Professor Layton and the Last Specter    Read the review;2.06
Yoshi's New Island    Read the review;2.06
Dead or Alive 3;2.04
LEGO City Undercover: The Chase Begins;2.04
1080°: TenEighty Snowboarding;2.03
Mario Hoops 3 on 3;2.03
Serious Sam 3: BFE;2.03
Donkey Kong Country: Tropical Freeze    Read the review;2.02
Onimusha: Warlords;2.02
Stick Fight: The Game;2.01
Plague Inc: Evolved;2
1503 A.D.: The New World;2
Age of Empires II: The Age of Kings;2
Age of Empires III;2
Alan Wake 2;2
Astrosmash;2
Baldur's Gate II: Shadows of Amn;2
Beat Saber;2
Beyond: Two Souls    Read the review;2
Bloodstained: Ritual of the Night;2
Capcom Arcade 2nd Stadium;2
Carmageddon;2
Carmageddon;2
Chivalry: Medieval Warfare;2
Command & Conquer: Red Alert;2
Conflict: Desert Storm;2
Crimson Desert;2
Crusader Kings III;2
Cuphead - The Delicious Last Course;2
Dead Island 2;2
Dead Space;2
Deca Sports;2
Destroy All Humans!;2
Destruction Derby;2
Diablo II: Lord of Destruction;2
Die Hard Trilogy;2
Disney Epic Mickey    Read the review;2
Doom II;2
Dragon Age II;2
Dragon Ball Z: Budokai Tenkaichi;2
Dragon Quest III HD-2D Remake;2
Dragon Quest Monsters: Joker 2;2
Dragon Warrior;2
Ender Lilies: Quietus of the Knights;2
Farming Simulator 19;2
Fire Emblem Warriors;2
Fitness Boxing;2
Football Manager 2019;2
Frogger;2
Frogger 2: Swampy's Revenge;2
Ghostbusters;2
Granblue Fantasy: Relink;2
GreedFall;2
Hidden & Dangerous;2
Hot Wheels Unleashed;2
Hulk;2
Icey;2
inFAMOUS    Read the review;2
Killzone;2
Las Vegas Poker & Blackjack;2
Leisure Suit Larry;2
Mario + Rabbids: Kingdom Battle    Read the review;2
Metal Gear Solid ?: Snake Eater;2
Metaphor: ReFantazio;2
MLB The Show 21;2
Naruto Shippuden: Ultimate Ninja Storm 3;2
Naruto: Ultimate Ninja Storm;2
NBA 2K10;2
NBA 2K9;2
Operation Flashpoint: Cold War Crisis;2
Persona 5 Strikers;2
Prince of Persia;2
Project CARS;2
Prototype;2
Red Dead Redemption: Undead Nightmare;2
Resident Evil 4    Read the review;2
Return to Castle Wolfenstein;2
Rock Band 2;2
S.T.A.L.K.E.R.: Shadow of Chernobyl;2
Sacred;2
Saints Row;2
Scarface: The World Is Yours;2
Sifu;2
Silent Hill;2
SimCity (2013);2
Sons of the Forest;2
SoulCalibur VI;2
Space Invaders;2
Spider-Man 2;2
SpongeBob SquarePants: Battle for Bikini Bottom - Rehydrated;2
Star Wars: The Old Republic;2
Stellar Blade;2
Super Bomberman R;2
Super Street Fighter II;2
Superhot VR;2
Surgeon Simulator;2
Tak;2
The 7th Guest;2
The Beatles: Rock Band;2
The Chronicles of Narnia: The Lion, the Witch and the Wardrobe;2
The Crew;2
The Exit 8;2
The SpongeBob SquarePants Movie;2
Tom Clancy's Rainbow Six: Vegas 2;2
Tom Clancy's Splinter Cell: Blacklist;2
Top Gun;2
Torchlight;2
Trials HD    Read the review;2
Two Worlds II;2
Unreal Tournament;2
Vampyr;2
Virtual Pool;2
Warhammer: Vermintide 2;2
WWE '13;2
WWE SmackDown! Here Comes the Pain;2
WWE SmackDown! vs. Raw;2
Your Shape: Fitness Evolved    Read the review;2
Yu-Gi-Oh! Forbidden Memories;2
Pokémon Mystery Dungeon: Rescue Team DX;1.99
Tennis;1.99
Mario Sports Mix    Read the review;1.98
SimCity;1.98
Mario & Luigi: Brothership;1.97
Stellaris;1.97
Inazuma Eleven 2: Blizzard / Firestorm;1.96
Rad Racer;1.96
Soccer;1.96
Pokémon Battle Revolution;1.95
Alleyway;1.94
Big Brain Academy: Brain vs. Brain;1.94
Zork;1.93
Kirby's Return to Dreamland    Read the review;1.93
Naruto Shippuden Ultimate Ninja Storm 4: Road to Boruto;1.92
Postal 2;1.91
Mario Party 3;1.91
Paper Mario: The Thousand-Year Door;1.91
Dark Souls III;1.9
Dissidia: Final Fantasy    Read the review;1.9
Dragon Quest Monsters: Joker;1.9
Hitman: Contracts;1.9
Monster Hunter Tri    Read the review;1.9
Mortal Kombat vs. DC Universe;1.9
Mortal Kombat: Deception;1.9
Octopath Traveler    Read the review;1.9
Parasite Eve;1.9
Prince of Persia: Warrior Within;1.9
Street Fighter X Tekken;1.9
Tom Clancy's Splinter Cell: Conviction;1.9
Sunset Overdrive;1.9
Ratchet & Clank: All 4 One    Read the review;1.9
Dark Souls: Remastered    Read the review;1.89
Luigi's Mansion 2 HD;1.88
Tetris DX;1.88
Xenoblade Chronicles: Definitive Edition    Read the review;1.88
The Long Dark;1.88
Broforce;1.86
Xenoblade Chronicles 3    Read the review;1.86
Ghost of Tsushima Director's Cut;1.86
Batman: Arkham Origins;1.85
Kirby's Epic Yarn    Read the review;1.85
Pinball;1.85
Sonic Generations;1.85
Ratchet & Clank Future: A Crack in Time    Read the review;1.85
Hey You, Pikachu!;1.83
Secret of Mana;1.83
Sonic Mega Collection Plus;1.83
Risk of Rain;1.83
Donkey Kong Country;1.82
Dragon Ball: Xenoverse 2;1.82
Star Fox Adventures;1.82
Wolfenstein: The New Order    Read the review;1.82
Alan Wake;1.8
Ace Combat 5: The Unsung War;1.8
Dead Rising;1.8
Dragon Quest V: Tenkuu no Hanayome;1.8
DuckTales: Remastered;1.8
EA Sports Active;1.8
Friday the 13th: The Game;1.8
Guitar Hero;1.8
Kingdom Hearts HD I.5 + II.5 ReMIX;1.8
Mega Man Legacy Collection;1.8
Monster Hunter Double Cross;1.8
Namco Museum DS;1.8
Sonic Colors    Read the review;1.8
Tekken Tag Tournament 2;1.8
Test Drive Unlimited 2;1.8
The Escapists;1.8
Resistance 3    Read the review;1.79
Dark Souls II: Scholar of the First Sin;1.79
Miitopia;1.79
New Play Control! Mario Power Tennis;1.79
Samurai Warriors;1.79
Wii Party U    Read the review;1.79
Mad Max (2013);1.78
Dynasty Warriors 3;1.77
Final Fantasy XI: Online;1.77
Kirby 64: The Crystal Shards;1.77
Valkyria Chronicles;1.77
Ori and the Blind Forest: Definitive Edition    Read the review;1.76
Fatal Frame;1.76
Kid Icarus;1.76
Kirby Air Riders;1.76
The Legend of Zelda: The Minish Cap;1.76
Metal Gear Solid V: The Phantom Pain;1.75
Barbie Fashion Designer;1.75
Disney's Aladdin;1.75
Kirby's Adventure;1.75
Yoshi;1.75
Max Payne 3;1.74
Cuphead;1.74
Mario & Luigi: Partners in Time;1.73
Mario Kart Live: Home Circuit;1.73
Cruis'n USA;1.72
Metroid II: Return of Samus;1.72
Alan Wake Remastered;1.7
Brothers in Arms: Road to Hill 30;1.7
Chrono Cross;1.7
Days Gone;1.7
Dead Rising 4;1.7
Devil May Cry 2;1.7
Dragon Quest V: Hand of the Heavenly Bride    Read the review;1.7
Dragon Quest VI: Realms of Revelation;1.7
Dungeon Siege;1.7
Dynasty Warriors 5;1.7
Final Fantasy II;1.7
Final Fantasy Tactics Advance;1.7
Formula 1 (1996);1.7
Human: Fall Flat;1.7
Kane & Lynch: Dead Men;1.7
Kingdom Hearts 358/2 Days    Read the review;1.7
Kingdom Hearts: Birth by Sleep    Read the review;1.7
Lost Planet: Extreme Condition;1.7
Manhunt;1.7
Saints Row (2022);1.7
Super Princess Peach;1.7
Tekken 6;1.7
The Legend of Zelda: Breath of the Wild;1.7
Tom Clancy's Rainbow Six: Vegas;1.7
Trials Fusion;1.7
Psychonauts;1.7
Game Dev Tycoon;1.7
Aliens vs. Predator;1.69
Kanshuu Nippon Joushikiryoku Kentei Kyoukai: Imasara Hito ni wa Kikenai Otona no Joushikiryoku Training DS;1.68
Virtua Fighter 4;1.68
Planetary Annihilation;1.68
Tales of Destiny;1.68
Disney's DuckTales;1.67
Pokémon Super Mystery Dungeon;1.67
Like a Dragon: Infinite Wealth;1.66
Dragon Ball Z: Budokai Tenkaichi 2;1.65
Golden Sun;1.65
Madden NFL 13;1.65
Senran Kagura;1.65
Street Fighter II': Special Champion Edition;1.65
Super Scope 6;1.65
Plants vs. Zombies    Read the review;1.65
Battlefield 2: Modern Combat;1.64
Ghosts 'n Goblins;1.64
Kirby: Planet Robobot;1.64
Sonic Mega Collection;1.64
Wii Play: Motion    Read the review;1.64
Mario Party 6;1.63
Poker Night;1.62
Sackboy: A Big Adventure;1.62
Baseball;1.61
Fire Emblem Engage    Read the review;1.61
Yu-Gi-Oh! Duel Monsters;1.61
Battlefield: Bad Company;1.6
Dead Rising 3: Apocalypse Edition;1.6
Dragon Quest IV: Chapters of the Chosen    Read the review;1.6
Dragon Quest Monsters 2: Cobi's Journey;1.6
Dragon Quest VII: Fragments of the Forgotten Past;1.6
F-1 World Grand Prix;1.6
Jak II;1.6
Kingdom Hearts HD I.5 ReMIX;1.6
Kingdom Hearts: Chain of Memories;1.6
Marvel Ultimate Alliance 3: The Black Order;1.6
Mega Man X Legacy Collection;1.6
Metroid Fusion;1.6
Pikmin;1.6
Remember Me;1.6
Resident Evil 4;1.6
Resident Evil: Revelations Collection;1.6
Sonic Adventure DX: Director's Cut;1.6
Sonic Unleashed;1.6
Super Mario Strikers;1.6
Tales of Symphonia;1.6
L.A. Noire: The Complete Edition;1.6
Diddy Kong Racing DS;1.59
Amnesia;1.58
Mario Tennis Open    Read the review;1.58
Yoshi's Woolly World;1.57
AudioSurf;1.56
Donkey Kong Classics;1.56
Dragon Ball FighterZ;1.56
Mark of the Ninja;1.56
BioShock 2;1.56
Practise English!;1.55
Iron Man 2;1.54
Lollipop Chainsaw;1.54
Sonic the Hedgehog (2006);1.54
SoulCalibur IV;1.54
Hitman;1.53
Pokémon Ranger: Guardian Signs;1.53
Tecmo Bowl;1.53
Yoshi's Cookie;1.53
ShellShock Live;1.53
Star Wars Knights of the Old Republic II: The Sith Lords;1.53
F1 Race;1.52
Mario vs. Donkey Kong 2: March of the Minis;1.52
Onimusha 3: Demon Siege;1.52
How to Survive;1.51
Bayonetta 2;1.51
Mega Man 2;1.51
American McGee's Alice;1.5
Amerzone;1.5
Ancestors: The Humankind Odyssey;1.5
ARK: Survival Evolved;1.5
Astro Bot    Read the review;1.5
Battlefield 1943;1.5
Black;1.5
Bulletstorm;1.5
Bully;1.5
Civilization;1.5
Counter-Strike;1.5
Crackdown;1.5
Crysis: Warhead;1.5
Dead or Alive 5;1.5
Deer Hunter: Interactive Hunting Experience;1.5
Digimon Story: Cyber Sleuth;1.5
Dirge of Cerberus: Final Fantasy VII;1.5
Dracula: Resurrection;1.5
F-15 Strike Eagle;1.5
Fantasy Life i: The Girl Who Steals Time;1.5
Goat Simulator;1.5
GORN    Read the review;1.5
Guitar Hero: Metallica;1.5
Heavenly Sword;1.5
Heroes of Might and Magic;1.5
Home Design 3D;1.5
Ice Climber;1.5
Injustice 2;1.5
Legacy of Kain: Soul Reaver;1.5
Manhunt;1.5
Marvel's Spider-Man Remastered;1.5
Metro 2033;1.5
Metro Redux;1.5
Momotaro Dentetsu World: Chikyuu wa Kibou de Mawatteru!;1.5
Myst III: Exile;1.5
Naruto Shippuden: Ultimate Ninja Storm 4;1.5
NCAA Football 14;1.5
NieR Replicant ver.1.22474487139...;1.5
Nightmare Creatures;1.5
No Rest for the Wicked;1.5
Pacific Drive;1.5
Persona 4 Golden    Read the review;1.5
PlateUp!;1.5
Prey (2017);1.5
Primal Rage;1.5
Prince of Persia: The Two Thrones;1.5
Puzzle & Dragons;1.5
Puzzle & Dragons Z + Super Mario Bros. Edition;1.5
Railroad Tycoon II;1.5
Rayman Raving Rabbids: TV Party;1.5
Rugrats: Search For Reptar;1.5
Runaway;1.5
Rygar;1.5
Slay the Spire;1.5
Sonic CD;1.5
Sonic Colors    Read the review;1.5
SoulCalibur II;1.5
Star Wars: Rebel Assault;1.5
Strider;1.5
Stronghold;1.5
Stronghold;1.5
Supreme Snowboarding;1.5
Tales of Vesperia: Definitive Edition;1.5
Teenage Mutant Ninja Turtles 3: Mutant Nightmare;1.5
Turok 2: Seeds of Evil;1.5
Turok: Dinosaur Hunter;1.5
Unreal;1.5
Warhammer Online: Age of Reckoning;1.5
Warriors Orochi;1.5
WWE All Stars;1.5
Metro: Last Light;1.49
Banjo-Tooie;1.49
Pokémon Mystery Dungeon: Explorers of Sky;1.49
Romancing SaGa 2;1.49
State of Decay;1.49
Final Fight;1.48
Nintendo World Cup;1.48
Professor Layton and the Mask of Miracle    Read the review;1.48
SoulCalibur IV;1.48
Tamagotchi Connection: Corner Shop;1.48
The Incredible Hulk;1.48
Wario Land II;1.48
Rogue Legacy;1.48
Kirby & the Amazing Mirror;1.47
Mario Golf;1.47
Grim Dawn;1.46
Kirby's Return to Dream Land Deluxe    Read the review;1.46
Yu-Gi-Oh! Worldwide Edition: Stairway to the Destined Duel;1.46
One Piece: Pirate Warriors 3;1.46
Dark Souls II: Scholar of the First Sin;1.45
4 Nin uchi Mahjong;1.45
Final Fantasy XIV Online;1.45
One Piece Pirate Warriors    Read the review;1.45
Resident Evil Outbreak;1.45
Tekken Tag Tournament 2    Read the review;1.45
Attack on Titan;1.44
Kirby Super Star;1.44
SoulCalibur VI    Read the review;1.44
Style Savvy: Trendsetters;1.44
Tales of Phantasia;1.43
Disney's DuckTales;1.43
The Legend of Zelda: Twilight Princess;1.43
SoulCalibur III;1.43
Nintendo Labo: Toy-Con 01 Variety Kit;1.42
Pokémon XD: Gale of Darkness;1.42
Sonic Heroes;1.42
Super Metroid;1.42
Metroid Prime 3: Corruption;1.41
Style Savvy: Fashion Forward;1.41
Tomb Raider Chronicles;1.41
1942;1.4
Alone in the Dark: The New Nightmare;1.4
Bionic Commando;1.4
Brutal Legend;1.4
Darksiders II;1.4
Dragon Quest III: Soshite Densetsu e...;1.4
Final Fantasy III;1.4
Frostpunk;1.4
Gran Turismo 4 Prologue;1.4
Marvel vs. Capcom 2: New Age Of Heroes;1.4
NFL GameDay 98;1.4
Nioh 2;1.4
Pokémon Rumble Blast    Read the review;1.4
Puyo Puyo Tetris;1.4
Quake;1.4
Resident Evil - Code: Veronica X;1.4
Star Ocean: Till The End of Time;1.4
The Witcher 3: Complete Edition;1.4
Tom Clancy's Ghost Recon 2;1.4
Batman: Arkham Knight;1.4
No Man's Sky;1.4
Spintires;1.39
Ace Combat 6: Fires of Liberation;1.39
Pokémon Mystery Dungeon: Gates to Infinity;1.39
The Room Three;1.38
SoulCalibur V;1.38
Castlevania: Lords of Shadow;1.38
Captain Toad: Treasure Tracker;1.37
Final Fantasy II;1.37
Kid Icarus: Uprising    Read the review;1.37
Mario vs. Donkey Kong;1.37
Paper Mario;1.37
Personal Trainer: Math;1.37
Pocket Monsters Stadium;1.37
Pokémon Pinball: Ruby & Sapphire (Old all region sales);1.37
The Final Fantasy Legend;1.37
Yu-Gi-Oh! The Duelists of the Roses;1.37
Age of Mythology;1.37
Amnesia: The Dark Descent;1.36
Battlefield Vietnam;1.36
Sonic & All-Stars Racing Transformed;1.36
The Legend of Zelda: Tri Force Heroes;1.36
Hearts of Iron IV;1.35
Imperivm;1.35
Kirby Air Ride;1.35
Mega Man Battle Network 4: Red Sun / Blue Moon;1.35
Resident Evil;1.35
Shadow The Hedgehog;1.35
WarioWare: Get It Together!;1.34
Homeworld;1.33
Astral Chain;1.33
Ni no Kuni: Wrath of the White Witch    Read the review;1.33
Tales of Xillia    Read the review;1.33
Transistor;1.33
Gyromite;1.32
Romancing SaGa;1.32
Geometry Dash;1.32
Resident Evil 6;1.32
Thief;1.31
Aliens: Colonial Marines;1.31
Tomb Raider: Anniversary;1.31
Who's Your Daddy;1.31
Deus Ex: Invisible War;1.3
Devil May Cry 3: Dante's Awakening;1.3
Dragon Quest IV: Michibikareshi Monotachi;1.3
Dragon's Dogma;1.3
Dragon's Dogma: Dark Arisen;1.3
Elite Dangerous: Horizons;1.3
Final Fantasy X / X-2 HD Remaster    Read the review;1.3
Final Fantasy: Crystal Chronicles;1.3
Kinect Star Wars    Read the review;1.3
Kingdom Hearts 3D: Dream Drop Distance    Read the review;1.3
Kingdom Hearts HD II.8 Final Chapter Prologue;1.3
Monster Hunter Freedom;1.3
NCAA Football 2003;1.3
Princess Peach: Showtime!;1.3
Resident Evil: The Umbrella Chronicles    Read the review;1.3
Romancing SaGa 3;1.3
Ryse: Son of Rome    Read the review;1.3
SaGa Frontier;1.3
Super Street Fighter IV: 3D Edition    Read the review;1.3
The Great Ace Attorney Chronicles;1.3
The Longest Journey;1.3
We Ski;1.3
Xenogears;1.3
The Escapists;1.3
Scribblenauts: Unlimited;1.3
BioShock;1.29
Yakuman;1.28
Fez;1.28
Pillars of Eternity;1.28
Tales of Eternia;1.27
Donkey Kong Country Returns HD    Read the review;1.27
Dr Kawashima's Brain Training for Nintendo Switch;1.27
Hogan's Alley;1.27
Jump Force;1.27
Mario Golf: Toadstool Tour;1.27
Metal Gear Solid Integral;1.27
Pikmin 3    Read the review;1.27
Dark Souls II;1.27
Dark Souls;1.26
Naruto Shippuden: Ultimate Ninja Storm Trilogy;1.26
Dark Souls II: Scholar of the First Sin;1.25
Dead or Alive 4;1.25
PokéPark Wii: Pikachu's Adventure;1.25
Resident Evil Zero;1.25
Bayonetta;1.24
Lollipop Chainsaw;1.24
Naruto Shippuden: Ultimate Ninja Storm 3;1.24
Tales of Berseria;1.24
Tetris 2;1.24
Aliens vs Predator;1.23
Bayonetta 2;1.23
Kirby Tilt 'n' Tumble;1.23
Yu-Gi-Oh! The Eternal Duelist Soul;1.23
Game & Watch Gallery 2;1.22
Game & Watch Gallery 3;1.22
Kingdoms of Amalur: Reckoning;1.22
Kirby: Mass Attack    Read the review;1.22
Miitopia;1.22
Naruto Shippuden: Ultimate Ninja Storm Generations;1.22
Red Steel;1.22
Slime Rancher;1.22
Age of Wonders;1.21
Super Monkey Ball: Banana Blitz;1.21
The Magical Quest starring Mickey Mouse (all region sales);1.21
Big Beach Sports;1.2
Black Desert Online;1.2
Commando;1.2
Dino Crisis 2;1.2
Disney's Chip 'n Dale: Rescue Rangers;1.2
DJ Hero;1.2
Dragon Ball Z: Budokai Tenkaichi 3;1.2
Endless;1.2
Final Fantasy;1.2
Final Fantasy IV    Read the review;1.2
Final Fantasy XII: The Zodiac Age;1.2
Homefront: The Revolution;1.2
Jane's AH-64D Longbow;1.2
Ken Griffey Jr. Presents Major League Baseball;1.2
Kingdom Hearts HD II.5 ReMIX    Read the review;1.2
Mega Man X Legacy Collection 2;1.2
Ninja Gaiden;1.2
Parasite Eve II;1.2
Resident Evil 6;1.2
Resident Evil Director's Cut: Dual Shock Edition;1.2
Rock Band 3;1.2
Shenmue;1.2
SimCity;1.2
SolarStriker;1.2
Sonic and the Black Knight;1.2
Sonic Rush Adventure;1.2
Space Quest;1.2
Super Street Fighter IV: Arcade Edition;1.2
Unreal Tournament 3;1.2
Hand Simulator;1.2
God of War: Ghost of Sparta    Read the review;1.2
Ratchet & Clank Future: Quest for Booty    Read the review;1.2
Kobe Bryant in NBA Courtside;1.19
Tecmo Super Bowl;1.19
Mortal Kombat Komplete Edition;1.19
Donkey Konga;1.18
Final Fantasy Tactics Advance;1.18
Mario Tennis;1.18
Mystery Case Files: MillionHeir;1.18
NieR: Automata;1.18
Dragon Ball Z: Kakarot;1.17
Ratchet & Clank Collection;1.16
Ace Combat 3: Electrosphere;1.16
Legend of Grimrock;1.16
Jet Force Gemini;1.16
Mario Power Tennis;1.16
Mega Man X;1.16
Pokken Tournament DX;1.16
Tekken 6;1.16
The Legend of Zelda: Twilight Princess HD;1.16
Deus Ex: Mankind Divided;1.16
Stranded Deep;1.15
Dark Souls: Remastered;1.15
Game Builder Garage;1.15
Jissen Pachinko Hisshouhou! CR Hokuto no Ken;1.15
LEGO City Undercover    Read the review;1.15
Ninja Gaiden II;1.15
Qix;1.15
Sonic the Hedgehog (2006);1.15
Super Street Fighter IV    Read the review;1.15
Enter the Gungeon    Read the review;1.14
Conan Exiles;1.14
Commando;1.14
Pilotwings;1.14
Punch-Out!!    Read the review;1.14
Resident Evil - Code: Veronica;1.14
Super R.C. Pro-Am;1.14
Tales of Destiny;1.14
Fahrenheit;1.14
Final Fantasy VII;1.14
Donkey Kong;1.13
Resident Evil Director's Cut;1.13
Tekken 7;1.13
Total War: Rome II;1.13
Madden NFL 99;1.13
Miscreated;1.12
Golden Sun: The Lost Age;1.12
Kane & Lynch 2: Dog Days;1.12
Mario vs. Donkey Kong;1.12
Oshare Majo Love and Berry: DS Collection;1.12
Pikmin 2;1.12
Pilotwings 64;1.12
Yoshi's Cookie;1.12
Donkey Kong Jr.;1.11
Dragon Ball: Xenoverse;1.11
Fantasy Life;1.11
Fate;1.11
One Piece: Pirate Warriors 3;1.11
Sonic Riders;1.11
Tales of Destiny 2;1.11
Orcs Must Die!    Read the review;1.11
PAC-MAN Championship Edition DX+ All You Can Eat Edition;1.1
Chocobo no Fushigi Dungeon;1.1
Chrono Trigger    Read the review;1.1
Deus Ex;1.1
Dragon Quest Builders;1.1
Dragon Quest Builders 2;1.1
Dragon Quest I & II;1.1
F-Zero X;1.1
Half-Life: Opposing Force;1.1
Just Cause;1.1
Kingdom Come: Deliverance    Read the review;1.1
Madden NFL 07;1.1
Marvel vs. Capcom Fighting Collection: Arcade Classics;1.1
Mega Man Legacy Collection 2;1.1
Metroid Prime 2: Echoes;1.1
Naruto Shippuden: Ultimate Ninja Storm 2;1.1
Ninja Gaiden Sigma;1.1
Popeye;1.1
Resident Evil 4;1.1
Shin Megami Tensei V    Read the review;1.1
StarCraft II: Heart of the Swarm;1.1
Super Monkey Ball: Touch & Roll;1.1
The Texas Chain Saw Massacre;1.1
TMNT;1.1
Trine;1.1
WarioWare, Inc.: Mega MicroGame$;1.1
Yu-Gi-Oh! Duel Monsters II: Dark Duel Stories;1.1
Warhammer 40,000: Space Marine    Read the review;1.1
F.E.A.R. 3;1.1
Star Ocean: The Second Story;1.09
Ace Combat 2;1.09
BeatMania;1.09
Beatmania;1.09
Metroid Prime Remastered    Read the review;1.09
Super Ghouls 'n Ghosts;1.09
Tamagotchi Connection: Corner Shop 2;1.09
Sniper: Ghost Warrior 2;1.09
To the Moon    Read the review;1.09
Ben 10: Alien Force;1.08
Mario & Luigi: Paper Jam;1.08
Mega Man 3;1.08
Metroid Prime Hunters;1.08
Ace Combat: Assault Horizon;1.07
Bayonetta 3    Read the review;1.07
Sonic & Sega All-Stars Racing;1.07
SpeedRunners;1.07
Star Fox 64 3D    Read the review;1.07
Wario Land: Shake It!    Read the review;1.06
Brothers: A Tale of Two Sons;1.06
The Walking Dead: Season Two;1.05
Uncharted: Legacy of Thieves Collection;1.05
Dragon's Crown;1.05
F-Zero: Maximum Velocity;1.05
Mario Superstar Baseball;1.05
Naruto to Boruto: Shinobi Striker;1.05
Supreme Commander 2;1.05
Super Hexagon;1.05
Titan Quest;1.04
Dragon Ball: Xenoverse;1.04
Final Fantasy XII: Revenant Wings    Read the review;1.04
Monster Rancher;1.04
Virtua Tennis 4;1.04
Hotline Miami 2: Wrong Number    Read the review;1.04
Resident Evil VII: Biohazard;1.04
Assassin's Creed Origins;1.03
Active Life: Outdoor Challenge;1.03
Donkey Kong Land III;1.03
Final Fight 2;1.03
Rhythm Heaven Megamix;1.03
Serious Sam HD: The First Encounter;1.03
Code Vein    Read the review;1.02
SoulCalibur V    Read the review;1.02
We Ski;1.02
Returnal    Read the review;1.02
Braid    Read the review;1.01
The Wolf Among Us;1.01
Naruto Shippuden: Ultimate Ninja Storm 2    Read the review;1.01
Sekai no Gohan Shaberu! DS Oryouri Navi;1.01
Resident Evil 5;1.01
13 Sentinels: Aegis Rim;1
1701 A.D.;1
60 Seconds!;1
A Hat in Time;1
A Plague Tale: Innocence;1
Actua Soccer;1
Adventure;1
Against the Storm;1
Age of Conan: Hyborian Adventures;1
Angry Birds Trilogy;1
Another World;1
ARK: Survival Evolved;1
Army of Two: The 40th Day;1
Atlantis;1
Baldur's Gate: Dark Alliance;1
Baldur's Gate: Enhanced Edition;1
BALL x PIT;1
Biomutant;1
Blade Runner;1
Bravely Default II;1
Broken Sword: The Shadow of the Templars;1
Burnout Paradise;1
Caesar;1
CastleMiner Z;1
Catherine;1
Catherine;1
Celeste;1
Chivalry 2;1
Cities: Skylines II;1
Cities: Skylines II;1
Command & Conquer 3: Tiberium Wars;1
Command & Conquer;1
Cool Spot;1
Creed: Rise to Glory;1
Crusader Kings II;1
Danganronpa 2: Goodbye Despair;1
Danganronpa: Trigger Happy Havoc;1
Deep Rock Galactic: Survivor;1
Deer Hunter;1
Demon's Souls    Read the review;1
Densha De Go!;1
Depth;1
Derby Stallion;1
Destroy All Humans!;1
Destroy All Humans! (2020);1
Destruction Derby;1
Destruction Derby 2;1
Devil May Cry 3: Dante's Awakening Special Edition;1
Disney's Animated Storybook: The Lion King;1
Divinity: Original Sin 2;1
Don't Starve;1
Don't Starve;1
Doom 3;1
Dragon Quest Monsters: The Dark Prince;1
Dragon Quest X;1
Dread Hunger;1
DREDGE;1
Dune: Awakening;1
Dust: An Elysian Tail;1
Dynasty Warriors: Origins;1
Earth Defense Force 5;1
Earthworm Jim;1
Elite;1
Empire Earth;1
Enter the Gungeon;1
Escape from Duckov;1
Escape Simulator;1
Europa Universalis IV;1
EyeToy Play 3;1
Far Cry 3: Blood Dragon;1
Farming Simulator 17;1
Fez;1
FIFA Street 2;1
Fight Night 2004;1
Fight Night Round 3;1
Final Fantasy Tactics - The Ivalice Chronicles;1
Final Fantasy Tactics: The War of the Lions    Read the review;1
Final Fantasy Type-0 HD;1
Fire Emblem Echoes: Shadows of Valentia;1
Fire Emblem Warriors;1
Fire Emblem Warriors: Three Hopes    Read the review;1
Fitness Boxing;1
Fitness Boxing 2: Rhythm & Exercise;1
FlatOut;1
FlatOut 2;1
Football Manager 2013;1
Football Manager 2014;1
Football Manager 2015;1
Football Manager 2016;1
Football Manager 2017;1
Football Manager 2021;1
Forts;1
Forza Motorsport 6;1
Full Spectrum Warrior;1
Full Throttle;1
Game & Watch Gallery;1
Gangsters;1
Gears of War: Judgment;1
Gears of War: Ultimate Edition    Read the review;1
Gex;1
Goat Simulator;1
GoldenEye: Rogue Agent;1
Granblue Fantasy: Versus;1
Guilty Gear -Strive-;1
Guitar Hero 5;1
Hades;1
Halo Wars    Read the review;1
Harry Potter and the Prisoner of Azkaban;1
Hellblade;1
Hellblade: Senua's Sacrifice;1
Hello Kitty Island Adventure;1
Hidden & Dangerous 2;1
Hidden & Dangerous;1
Hollow Knight;1
Hyrule Warriors;1
Hyrule Warriors: Age of Imprisonment    Read the review;1
Imperivm III: The Great Battles of Rome;1
Indiana Jones and the Fate of Atlantis;1
Inside;1
inZOI;1
Jissen Pachi-Slot Hisshouhou: Hokuto no Ken;1
John Madden Football '93;1
Judgment;1
Killer is Dead;1
Killing Floor 2;1
Killzone 2    Read the review;1
Knack    Read the review;1
Lara Croft and the Guardian of Light;1
Legend of Mana;1
Little Nightmares 2;1
Madagascar;1
Madden NFL 25;1
Major League Baseball;1
Mega Man II;1
Mega Man: Dr. Wily's Revenge;1
Megabonk;1
Metal Gear Solid V: Ground Zeroes;1
Metal: Hellsinger;1
Metroid Prime 4: Beyond;1
Microsoft Flight Simulator (2020);1
Microsoft Train Simulator;1
Midway Arcade Treasures;1
MIMESIS;1
Monster Rancher 2;1
Monster Strike 3DS;1
Moonlighter;1
Mordhau;1
Mortal Kombat: Armageddon;1
Mortal Kombat: Shaolin Monks;1
Mortal Shell;1
MotorStorm: Pacific Rift    Read the review;1
MX Unleashed;1
My Time At Portia;1
Naruto Shippuden: Ultimate Ninja Storm Revolution;1
NASCAR Racing;1
NES Open Tournament Golf;1
NFL Football;1
Nioh 3;1
Octopath Traveler II;1
Outward;1
Oxenfree;1
PaRappa The Rapper;1
Perfect Dark Zero;1
Phantasmagoria;1
Pico Park 2;1
Pitfall: The Mayan Adventure;1
Planet Zoo    Read the review;1
PlayStation All-Stars Battle Royale;1
Pokken Tournament;1
Police Quest: SWAT;1
Powerful Pro Baseball 2024-2025;1
Prey;1
Putt-Putt;1
Puyo Puyo Tetris    Read the review;1
Quake II;1
Quake III Arena;1
Rampage: Total Destruction;1
Rayman 2: The Great Escape;1
Rayman 3: Hoodlum Havoc;1
Rayman Legends;1
Red Faction: Guerrilla;1
Rematch;1
Remnant 2;1
Return to Castle Wolfenstein;1
Return to Zork;1
Rise of the Tomb Raider;1
Risk of Rain 2;1
S.T.A.L.K.E.R. 2: Heart of Chornobyl;1
Saints Row IV;1
Sakuna: Of Rice and Ruin;1
Salt and Sanctuary;1
Scarlet Nexus;1
Scribblenauts    Read the review;1
Silent Hill 2;1
Silent Hill f;1
Slay the Princess;1
Sniper Elite V2;1
Sniper: Ghost Warrior 3;1
Sniper: Ghost Warrior Contracts;1
SnowRunner;1
SOCOM II: U.S. Navy SEALs;1
Soma;1
Sonic Adventure 2 Battle;1
Sonic Mania;1
Sonic Racing: CrossWorlds;1
Sonic the Hedgehog 4: Episode I;1
SoulCalibur;1
South Park Rally;1
Space Armada;1
Space Battle;1
Spintires: MudRunner;1
Spiritfarer;1
Star Wars Galaxies: An Empire Divided;1
Star Wars: Episode III – Revenge of the Sith;1
Star Wars: Rebel Assault;1
StarCraft II: Legacy of the Void    Read the review;1
Stellar Blade;1
Story of Seasons: Pioneers of Olive Town    Read the review;1
Story of Seasons: Pioneers of Olive Town;1
Stranglehold;1
Street Fighter Alpha 3;1
Tainted Grail: The Fall of Avalon;1
Tak 2: The Staff of Dreams;1
Tak and the Power of Juju;1
Teenage Mutant Ninja Turtles: Shredder's Revenge;1
Teenage Mutant Ninja Turtles: The Cowabunga Collection;1
The Bard's Tale;1
The Darkness;1
The Godfather;1
The Incredible Machine;1
The Lord of the Rings: The Battle for Middle-Earth;1
The Lord of the Rings: The Fellowship of the Ring;1
The Lord of the Rings: The Third Age;1
The Punisher;1
The Scroll of Taiwu;1
The Stanley Parable    Read the review;1
The Thing;1
The Urbz: Sims in the City;1
The Vanishing of Ethan Carter;1
Thief Simulator;1
Thomas Was Alone;1
Tiger-Heli;1
TNA iMPACT!;1
Tom Clancy's Ghost Recon Advanced Warfighter 2;1
Tom Clancy's HAWX;1
Tony Hawk's Pro Skater 1 + 2;1
Toukiden;1
Transistor;1
Trials Evolution    Read the review;1
Trials of Mana;1
Triangle Strategy;1
Tropico;1
Turok;1
Two Point Hospital;1
UEFA Euro 2004;1
Ultimate Race Pro;1
Unicorn Overlord;1
UNO;1
Unpacking;1
Untitled Goose Game;1
Untitled Goose Game;1
Valkyria Chronicles    Read the review;1
Valkyria Chronicles 4;1
Vietcong;1
Viva Pinata    Read the review;1
WALL-E;1
Wargame: Red Dragon;1
Warhammer 40,000: Rogue Trader;1
Warhammer: End Times – Vermintide;1
Warhammer: Vermintide 2;1
WCW/NWO Thunder;1
Wet;1
WipEout;1
Wo Long: Fallen Dynasty;1
WWE SmackDown! Shut Your Mouth;1
WWF WrestleMania;1
WWF WrestleMania 2000;1
Xenosaga Episode I: Der Wille zur Macht;1
Gauntlet;1
Lego Marvel Super Heroes;0.99
DmC Devil May Cry;0.99
Ryse: Son of Rome;0.98
Naruto: Ultimate Ninja 3;0.98
Tales of Destiny 2;0.98
Vanquish;0.97
Ridge Racer;0.97
Enslaved: Odyssey to the West;0.97
Dragon's Dogma: Dark Arisen;0.97
Kingdoms of Amalur: Reckoning;0.96
Like a Dragon Gaiden: The Man Who Erased His Name;0.96
Firewatch;0.96
Hammerwatch;0.96
Total War: Warhammer II;0.96
Football Manager 2018;0.96
Tales of Symphonia;0.95
Move or Die;0.95
Poker Night at the Inventory;0.95
Bravely Default II    Read the review;0.95
Red Steel;0.95
Warriors Orochi 4;0.95
Getting Over It with Bennett Foddy;0.95
Dust: An Elysian Tail;0.94
Mount Your Friends;0.94
Exoprimal;0.94
Final Fantasy I & II: Dawn of Souls;0.94
Zombie Army Trilogy;0.94
Sniper: Ghost Warrior;0.93
The Talos Principle;0.93
Farming Simulator 2015;0.92
Portal Knights;0.91
Spelunky;0.91
Call of Juarez: Bound in Blood;0.9
Dragon Quest Monsters: Terry's Wonderland 3D;0.9
Legend of Grimrock;0.9
Mario & Sonic at the Tokyo 2020 Olympic Games    Read the review;0.9
NFL Quarterback Club 98;0.9
Ni no Kuni II: Revenant Kingdom;0.9
Persona 4 Golden;0.9
RalliSport Challenge;0.9
Syphon Filter;0.9
Reus;0.9
Metal Gear Solid V: Ground Zeroes;0.89
Duke Nukem Forever;0.89
Tales of the Abyss;0.88
Galactic Civilizations;0.88
Dead Rising 4;0.87
Lost Castle;0.86
Rise of Nations;0.86
Magicka 2;0.86
HuniePop    Read the review;0.86
Mafia III;0.86
Test Drive 4;0.85
Red Orchestra: Ostfront 41-45;0.85
Town of Salem;0.85
Pool of Radiance;0.85
SUPERHOT;0.84
Worldwide Soccer Manager 2008;0.84
Dead Cells;0.83
Ben 10 Ultimate Alien: Cosmic Destruction;0.83
Predator: Hunting Grounds;0.83
Rayman Origins;0.83
Assetto Corsa;0.83
Dragon Ball: Xenoverse;0.82
Dungeon Siege III;0.82
theHunter: Call of the Wild;0.82
Raft;0.81
Ben 10 Alien Force: Vilgax Attacks;0.81
Empire: Total War;0.81
Football Manager 2015;0.81
Resident Evil 2: Dual Shock Edition;0.81
Poly Bridge;0.81
BeamNG.drive;0.8
Battlefield 2: Special Forces;0.8
Deer Hunter II: The Hunt Continues;0.8
Godzilla: Unleashed;0.8
Half-Life: Blue Shift;0.8
Imperialism;0.8
Inazuma Eleven: Victory Road;0.8
Little Big Adventure;0.8
Mario Teaches Typing;0.8
Microsoft Flight Simulator 1.0;0.8
NASCAR Racing 2;0.8
Shellshock: Nam '67;0.8
Star Strike;0.8
Tom Clancy's Ghost Recon Advanced Warfighter;0.8
Triangle Strategy    Read the review;0.8
Yakuza 6: The Song of Life;0.8
Zumba Fitness;0.8
Farming Simulator 17;0.8
Deadlight;0.8
Ace Combat Zero: The Belkan War;0.79
Football Manager 2014;0.79
Lamborghini;0.79
Nidhogg    Read the review;0.79
Ratchet & Clank: Full Frontal Assault;0.79
Northgard;0.79
Red Faction: Armageddon;0.79
Ultimate Chicken Horse;0.77
Dragon Ball FighterZ;0.77
Rayman Advance;0.77
Tales of Phantasia;0.77
Akiba;0.77
Valkyria Chronicles;0.77
Fire Emblem: Monshou no Nazo;0.77
Age of Wonders 3;0.76
VVVVVV;0.76
They Are Billions;0.76
Defy Gravity Extended;0.75
LEGO Worlds;0.75
Universe Sandbox;0.75
Broken Sword II: The Smoking Mirror;0.75
Grand Prix 2;0.75
IHRA Drag Racing;0.75
Leisure Suit Larry: Love for Sail!;0.75
Prince of Persia 2: The Shadow and the Flame;0.75
Sacred 2: Fallen Angel;0.75
Sewer Shark;0.75
Super Street Fighter IV;0.75
The Fifth Element;0.75
Wizards & Warriors;0.75
Deponia    Read the review;0.74
Lords of the Fallen;0.74
The Evil Within;0.74
Super Street Fighter IV: Arcade Edition;0.74
Tales of the Abyss;0.73
Dragon Ball Z: Burst Limit;0.73
Dynasty Warriors 9;0.73
Valkyrie Profile 2: Silmeria;0.73
Homeworld Remastered Collection;0.73
The Incredible Adventures of Van Helsing;0.73
Devil May Cry HD Collection;0.72
Bendy and the Ink Machine;0.72
Yakuza 2;0.72
Guacamelee!;0.72
Youtubers Life;0.71
Risen 2: Dark Waters;0.71
God of War: Origins Collection;0.71
Dragon Quest Swords: The Masked Queen and the Tower of Mirrors;0.71
Sonic Lost World;0.71
Valkyrie Profile;0.71
DEFCON: Everybody Dies;0.71
Final Fantasy XIII;0.71
Prey (2017);0.7
Two Worlds II    Read the review;0.7
Gunpoint;0.7
Viscera Cleanup Detail;0.7
Advanced Dungeons & Dragons;0.7
Attack on Titan;0.7
Bravely Second: End Layer;0.7
Cake Mania;0.7
Civil War General;0.7
Cultures;0.7
de Blob;0.7
Dragon Ball Z: Ultimate Tenkaichi;0.7
Dragon Ball: Raging Blast;0.7
Dragon Quest X;0.7
Dungeon Keeper;0.7
Dynasty Warriors: Gundam 2;0.7
Egypt;0.7
Falcon 3.0;0.7
God Eater 2;0.7
Gone Home;0.7
Kameo: Elements of Power;0.7
Nier;0.7
Payday: The Heist;0.7
Sonic 3D Blast;0.7
State of Decay    Read the review;0.7
Striker;0.7
Tennis World Tour;0.7
The Elder Scrolls: Chapter II: Daggerfall;0.7
The Settlers III;0.7
Wing Commander III: Heart of the Tiger;0.7
Tales of Rebirth;0.69
Metal Gear Rising: Revengeance;0.69
Football Manager 2011;0.69
Naruto: Ultimate Ninja 2;0.69
Unlimited Saga;0.69
Democracy 3;0.69
Dark Reign: The Future of War;0.69
SpaceChem;0.68
Company of Heroes 2;0.68
MotoGP 4 - Official Game of MotoGP;0.68
One Finger Death Punch;0.67
Naruto Shippuden: Ultimate Ninja Storm 3 Full Burst HD;0.67
Telltale Games' Poker Night 2;0.67
Final Fantasy Tactics A2: Grimoire of the Rift    Read the review;0.67
Inside;0.67
Resident Evil VII: Biohazard;0.67
Dynasty Warriors 7;0.66
Resident Evil: Revelations 2;0.66
Metal Slug 3;0.65
Naruto: Ultimate Ninja;0.65
One Piece Unlimited World: Red;0.65
Rally Trophy;0.65
Safecracker;0.65
Sonic Generations Collection;0.65
BIT.TRIP RUNNER;0.65
Battlefield 1942: The Road to Rome;0.64
Dai-3-Ji Super Robot Taisen ?: Shuuen no Ginga e;0.64
Phantasy Star Portable;0.64
Dungeon Siege III    Read the review;0.64
Rock of Ages;0.64
The Descendant;0.63
Ninja Gaiden 3;0.63
Worldwide Soccer Manager 2006;0.63
Friday the 13th: The Game;0.63
Dead Rising 2;0.63
Hand of Fate;0.62
Dragon Ball Z: Battle of Z;0.62
Pixel Piracy;0.62
Ratchet & Clank: Into the Nexus    Read the review;0.62
God Eater;0.61
Machinarium;0.61
Tales of Rebirth;0.61
Doom 3 BFG Edition;0.6
FORCED;0.6
Beat Hazard;0.6
Wolfenstein: The Old Blood;0.6
Overcooked;0.6
Active Life: Extreme Challenge;0.6
Akiba's Trip: Undead & Undressed;0.6
All-Star Baseball 2003;0.6
Baldur's Gate: Tales of the Sword Coast;0.6
Bloodstained: Curse of the Moon;0.6
Bomberman Live;0.6
Earth Defense Force 6;0.6
F1 Manager 2022;0.6
Fallout;0.6
Jane's AH-64D Longbow;0.6
Just Dance Wii;0.6
KKND;0.6
Melty Blood: Type Lumina;0.6
Mini Ninjas;0.6
Montezuma's Revenge;0.6
Ni no Kuni: Dominion of the Dark Djinn;0.6
Oddworld: Stranger's Wrath;0.6
Oddworld: Stranger's Wrath HD;0.6
Omikron: The Nomad Soul;0.6
Phantasy Star Portable 2;0.6
Rambo;0.6
Ring: The Legend of the Nibelungen;0.6
Runaway: A Road Adventure;0.6
Shin Megami Tensei III: Nocturne HD Remaster;0.6
Shin Megami Tensei IV    Read the review;0.6
Shogun 2: Total War;0.6
Syberia II;0.6
The Settlers II;0.6
TOCA Championship Racing;0.6
VA-11 HALL-A;0.6
Wartales;0.6
Game of Thrones: A Telltale Games Series;0.6
Lucius;0.6
Black Mesa;0.6
Hyper Light Drifter    Read the review;0.6
Tales from the Borderlands;0.59
Frostpunk 2;0.59
Heroes of Might & Magic III - HD Edition;0.59
Farming Simulator 2013;0.59
Cave Story+;0.59
Hitman: Codename 47;0.59
One Piece: Pirate Warriors 2;0.59
Yakuza 5;0.59
FaceRig;0.59
Remember Me;0.59
GRID: Autosport;0.58
Fable Anniversary;0.58
LEGO The Lord of the Rings;0.58
Thomas Was Alone;0.58
Final Fantasy VIII;0.58
Octodad: Dadliest Catch;0.58
Dragon Ball: Raging Blast 2;0.58
IndyCar Racing;0.58
Meccha! Taiko no Tatsujin Master DS: 7-tsu no Shima no Daibouken;0.58
The Last Remnant    Read the review;0.58
I Am Bread;0.58
NEKOPARA Vol. 1    Read the review;0.58
ABZU    Read the review;0.58
Sniper Elite: Nazi Zombie Army;0.58
Final Fantasy Crystal Chronicles: Echoes of Time;0.57
Football Manager 2005;0.57
Jikkyou Powerful Pro Yakyuu 9;0.57
Midtown Madness 3;0.57
Mobile Suit Gundam: Extreme Vs;0.57
Sword Art Online: Hollow Fragment;0.57
Taiko no Tatsujin Wii;0.57
Uncharted: Legacy of Thieves Collection;0.57
Final Fantasy X / X-2 HD Remaster;0.57
Anomaly: Warzone Earth;0.57
NEKOPARA Vol. 0;0.57
Mega Man Legacy Collection;0.57
Kingdoms and Castles;0.56
State of Anarchy;0.56
Darksiders II;0.56
Yakuza 4    Read the review;0.56
Defense Grid: The Awakening;0.56
Viscera Cleanup Detail: Santa's Rampage;0.56
Dungeons of Dredmor;0.55
Lara Croft and the Guardian of Light;0.55
General;0.55
Hatsune Miku: Project Diva Future Tone;0.55
JoJo's Bizarre Adventure: All Star Battle;0.55
Lumines: Puzzle Fusion    Read the review;0.55
Medieval II: Total War;0.55
NCAA Football 2004;0.55
Okami;0.55
Toukiden: The Age of Demons;0.55
Yakuza: Dead Souls;0.55
Wolfenstein II: The New Colossus;0.55
Door Kickers;0.55
Mini Metro;0.55
Killer is Dead;0.55
Blackwake;0.55
ToeJam & Earl: Back in the Groove;0.55
Punch Club;0.54
Dragon Ball: Xenoverse 2;0.54
NBA 2K18;0.54
Golf It!;0.54
Saints Row: Gat out of Hell;0.54
Life is Feudal: Your Own;0.53
Mobile Suit Gundam Seed Destiny: Rengou vs. Z.A.F.T. II Plus;0.53
Shadowrun: Dragonfall;0.53
Front Mission;0.53
Heroes of Newerth    Read the review;0.53
Fire Emblem: Shadow Dragon    Read the review;0.52
Out There Somewhere;0.52
Alan Wake's American Nightmare;0.52
Attack on Titan 2;0.52
Run for Money Tousouchuu;0.52
Grim Fandango Remastered;0.52
Murdered: Soul Suspect;0.51
Shovel Knight;0.51
Super Robot Wars Z;0.51
Taiko no Tatsujin DS: Touch de Dokodon!;0.51
Yakuza;0.51
Craft The World;0.51
Kingdom: New Lands;0.51
Resident Evil: Revelations;0.5
Shovel Knight;0.5
13 Sentinels: Aegis Rim    Read the review;0.5
Absolum;0.5
Ace;0.5
Ankh;0.5
Arc the Lad;0.5
Atelier Ryza: Ever Darkness & the Secret Hideout;0.5
Automobili Lamborghini;0.5
Backyard Wrestling: Don't Try This at Home;0.5
Baldur's Gate II: Throne of Bhaal;0.5
Batman;0.5
Blackguards;0.5
Blade of Darkness;0.5
Blood Omen 2;0.5
Blur;0.5
Boulder Dash;0.5
Broken Sword: The Shadow of the Templars;0.5
Caesar II;0.5
Captain Tsubasa: Rise of New Champions;0.5
Castlevania: Circle of the Moon;0.5
Championship Manager 03/04;0.5
Championship Manager Season 01/02;0.5
Child of Eden;0.5
Colin McRae: DiRT;0.5
Commandos 2: Men of Courage;0.5
Conquest of the New World;0.5
Core Keeper;0.5
Creatures;0.5
Croc 2;0.5
Cronos: The New Dawn;0.5
CSI: Crime Scene Investigation;0.5
Dark Earth;0.5
Darkest Dungeon 2    Read the review;0.5
Date Everything!;0.5
Digimon Survive;0.5
Disney Magic Castle: My Happy Life;0.5
Doki Doki Literature Club Plus!;0.5
Dragster;0.5
Dreamfall Chapters;0.5
eBASEBALL Powerful Pro Baseball 2022;0.5
Evil Dead: The Game;0.5
fault;0.5
Fishing Spirits;0.5
Freddy Pharkas: Frontier Pharmacist;0.5
Front Mission 2;0.5
Front Page Sports;0.5
Frontier: Elite II;0.5
Gangsters;0.5
Gothic 3;0.5
Grim Fandango;0.5
HardBall!;0.5
Hello Neighbor;0.5
Homeworld;0.5
House Party;0.5
Insurgency: Sandstorm    Read the review;0.5
Iron Helix;0.5
Jikkyou Powerful Pro Baseball 2016;0.5
Jikkyou Powerful Pro Yakyuu '97 Kaimakuban;0.5
King's Quest V: Absence Makes the Heart Go Yonder!;0.5
Legacy of Kain: Defiance;0.5
Little Big Adventure;0.5
Live A Live;0.5
Loop Hero;0.5
Magicka: Vietnam;0.5
MechWarrior 2: 31st Century Combat;0.5
Microsoft Entertainment Pack;0.5
Mini Motorways;0.5
Momotarou Dentetsu 7;0.5
Mouthwashing;0.5
My Friend Pedro;0.5
My Hero One's Justice;0.5
No, I'm Not a Human;0.5
Persona Arena;0.5
Prime Time NFL Starring Deion Sanders;0.5
Red Baron;0.5
Romance of the Three Kingdoms XIV;0.5
Romancing SaGa;0.5
Root Letter;0.5
Rune Factory 5    Read the review;0.5
Rune Factory: Guardians of Azuma;0.5
Shanghai;0.5
Sherlock Holmes: The Case of the Silver Earring;0.5
Sherlock Holmes: The Mystery of the Mummy;0.5
Sins of a Solar Empire;0.5
Skylanders: Giants;0.5
Sniper Elite V2;0.5
Songs of Conquest;0.5
Soul Reaver 2;0.5
Star Trek: The Next Generation – A Final Unity;0.5
Star Wars Rebel Assault II: The Hidden Empire;0.5
Still Life;0.5
Story of Seasons: Grand Bazaar;0.5
Super Dodge Ball;0.5
Syberia;0.5
Tales of Xillia 2    Read the review;0.5
Temtem;0.5
Test Drive (1987);0.5
Test Drive: Off-Road;0.5
The 11th Hour;0.5
The Black Mirror;0.5
The Crystal Key;0.5
The Hobbit (1982);0.5
The Little Mermaid;0.5
The Longest Journey;0.5
The Way of the Exploding Fist;0.5
Thexder;0.5
Thief: The Dark Project;0.5
Time Commando;0.5
Top Gun;0.5
Total Annihilation;0.5
Ultima Underworld: The Stygian Abyss;0.5
Uncle Albert;0.5
Vectorman;0.5
Versailles 1685;0.5
Victoria 3;0.5
Warhammer: The End Times - Vermintide;0.5
Wizard of Legend;0.5
Yakuza 0;0.5
Yakuza 3    Read the review;0.5
Ys VIII: Lacrimosa of Dana;0.5
Blockstorm;0.5
Reigns;0.5
The Witness;0.49
Fire Emblem: Seisen no Keifu;0.49
Nuclear Throne;0.49
Car Mechanic Simulator 2018;0.49
Battlefield 1942: Secret Weapons of World War II;0.49
Final Fantasy XV: Windows Edition;0.49
The Escapists 2;0.49
Worms: Ultimate Mayhem;0.49
Tales of Symphonia;0.49
Styx: Master of Shadows;0.49
Sniper Elite: Nazi Zombie Army 2;0.49
The Swapper;0.48
Uncharted: Legacy of Thieves Collection;0.48
X3: Terran Conflict;0.48
Bionic Commando;0.48
Jurassic World Evolution;0.48
Kouchuu Ouja Mushi King;0.48
Warriors Orochi 3;0.48
Bad Rats: The Rats' Revenge;0.48
Galactic Civilizations III    Read the review;0.48
Ace Combat X: Skies of Deception;0.48
Mobile Suit Gundam Seed;0.48
Despicable Me: The Game;0.47
Gods Eater Burst;0.47
Taiko no Tatsujin: Chibi Dragon to Fushigi na Orb;0.47
Running with Rifles;0.47
Life Is Strange: Before the Storm;0.47
Super Dragon Ball Z;0.47
Ben 10: Galactic Racing;0.46
Dynasty Warriors: Gundam 3;0.46
Mirror;0.46
Aliens: Colonial Marines;0.46
Victor Vran ARPG;0.45
Teleglitch;0.45
Turmoil;0.45
Magic: The Gathering - Duels of the Planeswalkers 2013;0.45
CastleMiner Z;0.45
Cities in Motion 2;0.45
Marvel's Spider-Man: Miles Morales;0.45
Art Academy: Lessons for Everyone!;0.45
BlazBlue: Cross Tag Battle;0.45
Boom Blox    Read the review;0.45
Fist of the North Star: Ken's Rage 2;0.45
Frozen Synapse;0.45
Microsoft Combat Flight Simulator: WWII Europe Series;0.45
Pirates! Gold;0.45
Super Robot Wars: Original Generations;0.45
Yakuza: Like a Dragon    Read the review;0.45
Kane & Lynch 2: Dog Days;0.45
Unepic;0.45
ibb and obb;0.45
Infinite Undiscovery;0.44
Mobile Suit Gundam: Gundam vs. Gundam;0.44
Superbrothers: Sword & Sworcery EP;0.44
ICEY;0.44
A Story About My Uncle;0.43
Terra Incognita ~ Chapter One: The Descendant;0.43
Evoland;0.43
Fairy Tail;0.43
Mobile Suit Gundam: Gundam vs. Gundam NEXT PLUS;0.43
Super Robot Wars Z III;0.43
Zork: The Great Underground Empire;0.43
DLC Quest;0.43
Bayonetta;0.42
Hellblade: Senua's Sacrifice;0.42
Murder Miners;0.42
Afro Samurai;0.42
Battlefield 1942: The WW II Anthology;0.42
Naruto: Uzumaki Chronicles;0.42
Star Ocean: The Last Hope    Read the review;0.42
Broken Age    Read the review;0.42
My Summer Car;0.42
Construction Simulator 2015;0.42
Sonic Adventure 2;0.42
Hell Yeah! Wrath of the Dead Rabbit;0.42
Resident Evil HD Remaster;0.42
Dragon Ball Z: Shin Budokai;0.42
Osmos;0.41
Dragonlance;0.41
Jamestown: Legend of the Lost Colony;0.41
Radiata Stories;0.41
Freebie;0.41
Tales of Zestiria;0.41
AKB1/48: Idol to Guam de Koishitara...;0.41
Fate/Samurai Remnant;0.41
Itadaki Street DS;0.41
RalliSport Challenge 2;0.41
Samurai Warriors 5;0.41
SD Gundam G Generation Spirits;0.41
Shin Megami Tensei: Persona 4    Read the review;0.41
Shadow Tactics: Blades of the Shogun;0.41
"Hyperdimension Neptunia Re;Birth1";0.41
Eternal Darkness: Sanity's Requiem;0.4
Turbo Dismount;0.4
Shower With Your Dad Simulator 2015: Do You Still Shower With Your Dad;0.4
Salt and Sanctuary;0.4
LEGO The Hobbit;0.4
AKB1/48: Idol to Koishitara...;0.4
ArmA: Armed Assault;0.4
Caesar III;0.4
Dynasty Warriors 8;0.4
Fate/Stay Night;0.4
God Wars;0.4
Gray Zone Warfare;0.4
Gundam Breaker;0.4
Imperialism;0.4
Imperialism II: Age of Exploration;0.4
IndyCar Racing;0.4
John Madden Football;0.4
Jurassic Park: Operation Genesis;0.4
King's Quest VI: Heir Today, Gone Tomorrow;0.4
M1 Tank Platoon;0.4
Magic: The Gathering;0.4
MDK;0.4
Outcast;0.4
Police Quest: SWAT 2;0.4
Project X Zone    Read the review;0.4
Realms of Arkania III: Shadows over Riva;0.4
Root Letter;0.4
Sid Meier's Railroad Tycoon Deluxe;0.4
Tales of Zesteria;0.4
Temple of Apshai;0.4
The Dukes of Hazzard: Racing for Home;0.4
The Emperor's New Groove;0.4
The Hitchhiker's Guide to the Galaxy;0.4
The Settlers;0.4
Ultima IV: Quest of the Avatar;0.4
Under a Killing Moon;0.4
X-COM: UFO Defense;0.4
Savage Lands;0.4
Tales of Eternia;0.4
Tales of Legendia;0.4
Robot Roller-Derby Disco Dodgeball;0.4
Tales of Destiny;0.4
Tower Wars;0.39
Trine 3: The Artifacts of Power;0.39
Hatsune Miku: Project DIVA F;0.39
Ryu ga Gotoku Ishin!;0.39
Outlast II;0.39
RWBY: Grimm Eclipse;0.39
Cook, Serve, Delicious!;0.38
Bloody Trapland;0.38
Dragon Quest & Final Fantasy in Itadaki Street Special;0.38
Ennichi no Tatsujin;0.38
The Vanishing of Ethan Carter;0.38
Castlevania: Lords of Shadow - Ultimate Edition;0.38
Rebel Galaxy;0.38
Devil May Cry HD Collection;0.38
Cogs;0.38
Magic: The Gathering - Duels of the Planeswalkers 2012    Read the review;0.38
This is the Police;0.38
Genital Jousting;0.38
Mountain;0.38
Bionic Commando;0.38
Top Gun: Fire at Will;0.38
Disgaea 5;0.37
Revolution Ace;0.37
AI War: Fleet Command;0.37
Streets of Rogue;0.37
Never Alone    Read the review;0.37
Death Rally (Remake);0.37
Naruto: Ultimate Ninja Heroes;0.37
Phantasy Star Portable 2: Infinity;0.37
SD Gundam G Generation Wars;0.37
Shovel Knight;0.37
Super Street Fighter IV: Arcade Edition;0.37
The World Ends With You    Read the review;0.37
Long Live The Queen;0.37
Planet Explorers;0.37
Clustertruck;0.37
The Last of Us Part I;0.37
Party Hard;0.37
SteamWorld Dig: A Fistful of Dirt;0.37
Princess.Loot.Pixel.Again;0.37
Grey Goo;0.36
Dynasty Warriors 8: Xtreme Legends;0.36
Naruto Shippuden: Ultimate Ninja Storm Revolution;0.36
F1 2012;0.36
War for the Overworld;0.36
Planetbase;0.36
Cossacks 3;0.36
No Time To Explain Remastered;0.36
Tiny and Big: Grandpa's Leftovers    Read the review;0.36
Atelier Ryza 2: Lost Legends & the Secret Fairy;0.36
Organ Trail;0.36
The Last Hope;0.36
Bit.Trip Presents... Runner 2: Future Legend of Rhythm Alien;0.36
Windward;0.36
Really Big Sky;0.36
Slender: The Arrival;0.35
Bloons TD 5;0.35
Halo: Spartan Assault;0.35
Timberman;0.35
Toki Tori;0.35
House Flipper;0.35
Metal Gear Solid: The Twin Snakes;0.35
Titan Souls;0.35
Aces of the Pacific;0.35
Cabela's Big Game Hunter II;0.35
Dead or Alive 6;0.35
Dead to Rights: Retribution;0.35
Dr. Brain;0.35
Dragon Quest 25 Shuunen Kinin: Famicom & Super Famicom Dragon Quest I-II-III;0.35
Drakengard;0.35
Egypt 1156 B.C.: Tomb of the Pharaoh;0.35
Heroes of Might and Magic V;0.35
Myth II: Soulblighter;0.35
Myth: The Fallen Lords;0.35
NFL GameDay '97;0.35
One Piece: Gigant Battle 2 Shin Sekai;0.35
Sid Meier's Colonization;0.35
Star Trek: Starfleet Academy;0.35
The Operative: No One Lives Forever;0.35
Top Gun;0.35
Traitors Gate;0.35
Wasteland 2;0.35
Wayne Gretzky Hockey;0.35
Dark Souls: Remastered;0.35
King Arthur's Gold;0.35
Nioh: Complete Edition;0.35
Minecraft: Story Mode;0.35
One Piece: Pirate Warriors 3;0.35
LEGO Jurassic World;0.34
Xenosaga Episode III: Also sprach Zarathustra;0.34
Risen 3: Titan Lords Enhanced Edition;0.34
The Tower Of Elements;0.34
Knights of Pen and Paper +1;0.34
Costume Quest;0.34
DETOUR;0.34
Revenge of the Titans;0.34
Dragon Quest: Shounen Yangus to Fushigi no Dungeon;0.34
Fatal Frame: Maiden of Black Water;0.34
Hatsune Miku: Project Diva 2nd;0.34
Ninja Gaiden: Dragon Sword    Read the review;0.34
Samurai Warriors 4;0.34
Solar 2;0.34
Tales of the World: Radiant Mythology 2;0.34
Transport Fever;0.34
Damned;0.34
Space Beret;0.34
The LEGO Movie Videogame;0.34
Giana Sisters: Twisted Dreams;0.34
Hard Reset;0.34
Death Stranding Director's Cut    Read the review;0.34
Pony Island;0.33
Final Fantasy IX;0.33
Dead Realm;0.33
Botanicula;0.33
Grow Home;0.33
Lego Batman 3: Beyond Gotham;0.33
Dead or Alive 5 Last Round;0.33
MegaRace;0.33
Fire Emblem: Ankoku Ryu to Hikari no Tsurugi;0.33
Squishy the Suicidal Pig;0.33
Data Hacker: Reboot;0.33
The Room;0.33
Fire Emblem Gaiden;0.32
Audiosurf 2;0.32
Ratz Instagib;0.32
And Yet It Moves;0.32
Invasion: Brain Craving;0.32
God Mode;0.32
Battlefleet Gothic: Armada;0.32
The Bridge    Read the review;0.32
The Hat Man: Shadow Ward;0.32
Zeno Clash    Read the review;0.32
South Park: The Fractured But Whole;0.32
Blood Omen: Legacy of Kain;0.32
HunieCam Studio;0.32
Fantastic Four;0.32
Mobile Suit Gundam Battlefield Record U.C.0081;0.32
The Jackbox Party Pack 3;0.32
Spintires: MudRunner;0.32
F1 2016;0.32
NEKOPARA Vol. 2;0.32
Fuse;0.32
Atom Zombie Smasher;0.32
One Way Heroics;0.32
SimplePlanes;0.31
LUFTRAUSERS;0.31
Tricky Towers;0.31
Tales of Phantasia;0.31
Super Robot Wars OG Gaiden;0.31
Atonement: Scourge of Time;0.31
Yellow: The Yellow Artifact;0.31
Project Starship;0.31
A.C.E.: Another Century's Episode R;0.31
Dead or Alive: Dimensions;0.31
Fairy Tail;0.31
Warriors  Orochi 4;0.31
Half Minute Hero: Super Mega Neo Climax Ultimate Boy;0.31
Might & Magic: Clash of Heroes;0.31
MX vs. ATV Reflex;0.31
Mercenary Kings;0.31
The Jackbox Party Pack;0.31
Dream Daddy: A Dad Dating Simulator;0.31
Blackguards;0.31
Her Story;0.31
Agony;0.31
Agony;0.31
Tales of the World: Radiant Mythology;0.31
Magic 2015 - Duels of the Planeswalker;0.3
Tales of the Tempest;0.3
Stronghold 2;0.3
.hack//G.U. Last Recode;0.3
Agents of Mayhem;0.3
Asterix & Obelix Take On Caesar;0.3
Atelier Ryza 3: Alchemist of the End & the Secret Key;0.3
Atelier Yumia: The Alchemist of Memories & the Envisioned Land;0.3
Atlantis: The Lost Tales;0.3
Bloodstained: Curse of the Moon     Read the review;0.3
Disney's Aladdin in Nasira's Revenge;0.3
Dragon Lore;0.3
Dreamfall: The Longest Journey;0.3
Earth Defense Force 5;0.3
Endless Space;0.3
Everspace 2;0.3
Fallout Tactics;0.3
Front Mission 3;0.3
Gabriel Knight;0.3
Galactic Civilizations II: Dread Lords;0.3
Grand Prix 3;0.3
In Memoriam;0.3
Jagged Alliance 2;0.3
Little Big Adventure 2;0.3
Lode Runner;0.3
Lollipop Chainsaw RePOP;0.3
Master Detective Archives: Rain Code;0.3
Natural Selection 2;0.3
NFL GameDay;0.3
Nobunaga's Ambition: Sphere of Influence;0.3
Putt-Putt Joins the Parade;0.3
Real War;0.3
Ridiculous Fishing    Read the review;0.3
Sherlock Holmes: Crimes & Punishments;0.3
Shovel Knight;0.3
Silent Hill 3;0.3
Silent Hunter;0.3
Slime Rancher 2;0.3
SNK Heroines: Tag Team Frenzy;0.3
Spy vs Spy;0.3
Stonekeep;0.3
Terraria;0.3
The Dig;0.3
The Settlers IV;0.3
Tropico 2: Pirate Cove;0.3
Uniracers;0.3
VA-11 HALL-A;0.3
Warcraft: Orcs & Humans;0.3
Kingdom Rush;0.3
The Jackbox Party Pack 2;0.3
Devil May Cry 4;0.3
LYNE;0.3
LISA;0.3
Star Saviors;0.3
Pit People;0.3
Dark and Light;0.3
Bejeweled 3;0.3
There's Poop In My Soup;0.29
Blood Bowl 2;0.29
Strider (2014);0.29
Talon Man Remastered;0.29
Sonic Adventure DX: Director's Cut;0.29
Everspace;0.29
Hatsune Miku: Project Diva Extend;0.29
Lamborghini American Challenge;0.29
Naruto Shippuden: Ultimate Ninja 4;0.29
BATTLETECH;0.29
Tricolour Lovestory;0.29
Montaro;0.29
Monkey Island 2 Special Edition: LeChuck's Revenge;0.29
Aragami    Read the review;0.29
Downwell;0.29
Outrage;0.29
Dead to Rights II;0.29
Rocketbirds: Hardboiled Chicken;0.29
Worms: WMD;0.29
Drayt Empire;0.29
Rivals of Aether;0.29
Mary-Kate and Ashley: Magical Mystery Mall;0.29
SD Gundam G Generation Portable;0.29
For The King;0.29
Turbo Pug 3D;0.29
Tales of Berseria;0.28
Hatoful Boyfriend;0.28
Yakuza Kenzan!;0.28
Half Dead;0.28
Incitement 3;0.28
Madballs in Babo:Invasion;0.28
Oxenfree;0.28
Retro City Rampage;0.28
Little Nightmares;0.28
HellAngel;0.28
Bayonetta 2    Read the review;0.28
Dynasty Warriors 9 Empires;0.28
Okami;0.28
Persona 4 Arena Ultimax;0.28
Sword of Mana;0.28
We Ski & Snowboard;0.28
Xenosaga Episode II: Jenseits von Gut und Böse;0.28
Lost Planet 3;0.28
PIGMENTUM;0.28
Curious George;0.28
Pid    Read the review;0.28
Shadow Warrior Classic Redux;0.28
The Walking Dead - The Telltale Series: A New Frontier;0.28
Atonement 2: Ruptured by Despair;0.28
Domina;0.28
SD Gundam G Generation: Cross Drive;0.28
Omerta - City of Gangsters;0.28
Castle Story;0.28
Sierra Pro Pilot 98: The Complete Flight Simulator;0.28
Trouble In The Manor;0.27
Batman - The Telltale Series;0.27
Cat Goes Platform;0.27
Game of Thrones;0.27
The Cave;0.27
Condemned: Criminal Origins;0.27
Final Fantasy Anniversary Edition;0.27
Jissen Pachi-Slot Hisshouhou! Hokuto no Ken SE;0.27
Okami;0.27
Red Steel 2    Read the review;0.27
Shin Megami Tensei: Nocturne;0.27
Taiko no Tatsujin DS: Dororon! Youkai Daikessen!!;0.27
Tales of VS.;0.27
The Conduit    Read the review;0.27
The Secret World;0.27
Shadowrun: Hong Kong;0.27
Orbital Gear;0.27
Desolate Wastes: Vendor Chronicles;0.27
Germ Wars;0.27
hack_me;0.27
BIT.TRIP BEAT;0.27
Home Behind;0.27
Divinity: Dragon Commander;0.27
Day of the Tentacle Remastered;0.27
Mega Man Legacy Collection;0.27
Project CARS 2;0.26
Pool of Radiance;0.26
Camera Obscura;0.26
Take Thy Throne;0.26
Dead Rising 2: Off the Record;0.26
Bit Blaster XL;0.26
Stealth Inc 2: A Game of Clones;0.26
Wizard of Legend;0.26
Next Day: Survival;0.26
Legend of Grimrock 2;0.26
Deep Space Dash;0.26
Chromehounds;0.26
Samurai Warriors Chronicles    Read the review;0.26
SD Gundam G Generation: Overworld;0.26
Labyronia RPG;0.26
Postal;0.26
Hyper color ball;0.26
Rampage Knights;0.26
Battle Royale Trainer;0.26
Final Quest II;0.26
Greyfox RPG;0.26
The Four Kings Casino and Slots;0.26
PixARK;0.26
DuckTales: Remastered;0.26
Pool Nation;0.26
Shatter;0.26
The Incredible Adventures of Van Helsing II;0.25
Elex;0.25
Legend of Mysteria RPG;0.25
The Legend of Heroes: Trails in the Sky;0.25
Blood Bowl: Chaos Edition;0.25
Grand Pigeon's Duty;0.25
Eye of the Beholder;0.25
A.C.E.: Another Century's Episode 3: The Final;0.25
Gundam Battle Universe;0.25
Deadfall Adventures;0.25
Owlboy;0.25
Pixel Puzzles: Japan;0.25
Song of the Deep;0.25
3-D Ultra Pinball;0.25
A-10 Tank Killer;0.25
Age of Wonders 4;0.25
Alien Resurrection;0.25
Antichamber;0.25
Azure Striker Gunvolt;0.25
Battle Chess;0.25
Black Panther: Yakuza New Chapter;0.25
Cabela's Big Game Hunter;0.25
Clash of the Titans;0.25
Crusader: No Remorse;0.25
Dune II;0.25
Evolution;0.25
Fables & Fiends;0.25
Final Fantasy Origins;0.25
Grand Prix Simulator;0.25
Grandia III;0.25
Guitar Hero: Van Halen;0.25
Hollow Knight;0.25
Hoyle's Official Book of Games: Volume 1;0.25
Indiana Jones and the Last Crusade: The Graphic Adventure;0.25
Kamiko;0.25
King's Quest III: To Heir Is Human;0.25
Lands of Lore: The Throne of Chaos;0.25
Law & Order: Dead on the Money;0.25
Leisure Suit Larry 5: Passionate Patti Does a Little Undercover Work;0.25
Leisure Suit Larry 6: Shape Up or Slip Out!;0.25
Leisure Suit Larry Goes Looking for Love (In Several Wrong Places);0.25
Leisure Suit Larry III: Passionate Patti in Pursuit of the Pulsating Pectorals!;0.25
Leisure Suit Larry in the Land of the Lounge Lizards;0.25
Loaded;0.25
Nemesis of the Roman Empire;0.25
Panzer General;0.25
Persona Q: Shadow of the Labyrinth;0.25
Quest for Glory: So You Want to Be a Hero;0.25
Riddle of the Sphinx: An Egyptian Adventure;0.25
Sea of Stars;0.25
Starsiege;0.25
The Duel: Test Drive II;0.25
Touhou Luna Nights;0.25
Toukiden 2;0.25
Wasteland;0.25
Wolfenstein 3D;0.25
World War Z;0.25
You Don't Know Jack (1995);0.25
Streamline;0.25
Chaos on Deponia;0.25
Spikit;0.25
Stronghold Legends;0.25
RUSH;0.25
Stacking;0.25
Bridge Constructor;0.25
Momodora: Reverie Under the Moonlight;0.25
The Basement Collection;0.25
Project Highrise: Architect's Edition;0.25
Capsized;0.25
Lego Star Wars: The Force Awakens;0.25
Battle Stadium D.O.N;0.25
Final Fantasy XIII-2;0.24
Detention;0.24
RADical ROACH Remastered;0.24
The Land of Dasthir;0.24
Reset 1-1;0.24
The Typing of The Dead: Overkill;0.24
Under Zero;0.24
God Eater 2: Rage Burst;0.24
Sleeping Valley;0.24
Warriors of Vilvatikta;0.24
Enslaved: Odyssey to the West;0.24
Ziggurat;0.24
Minimum;0.24
Iron Sky: Invasion;0.24
Crawl;0.24
Sonic CD;0.24
Namco Museum 50th Anniversary;0.24
Senran Kagura Shinovi Versus;0.24
Hatred;0.24
Ninja Gaiden: Master Collection;0.24
Still Life;0.24
Shelter 2;0.24
Data Hacker: Initiation;0.24
Shake Your Money Simulator 2016;0.24
Hoard;0.24
Jazzpunk: Director's Cut;0.24
Energy Cycle;0.24
Mad Hunter;0.24
Jet Racing Extreme: The First Encounter;0.24
Cities in Motion;0.24
TIS-100;0.24
Star Ocean;0.24
Lichdom: Battlemage;0.23
Mortifero Motus;0.23
A grande bagunca espacial - The big space mess;0.23
SteamWorld Heist;0.23
KickHim;0.23
Lightning Returns: Final Fantasy XIII;0.23
ZRoll;0.23
Evoland 2;0.23
Dreaming Sarah;0.23
Train Fever;0.23
Canyon Capers;0.23
Fullmetal Alchemist 2: Curse of the Crimson Elixir;0.23
Hatsune Miku -Project DIVA- f;0.23
Titeuf;0.23
Valkyrie Profile: Covenant of the Plume;0.23
Tower Unite;0.23
Metal Slug X;0.23
